title,brand,price,mrp,description,net_quantity,manufacturer,country_of_origin,mfg_date,expiry_date,platform,seller,product_url,image_urls,category,rating,reviews_count,extracted_at,compliance_score,issues_found
Unknown Product,,1650.0,,,,,,,,amazon,,https://www.amazon.in/sspa/click?ie=UTF8&spc=MTo4OTE2MTk3NTQ5MTY2MDAyOjE3NTkwNDI0OTI6c3BfYXRmOjIwMTM0ODMzMDg5MDk4OjowOjo&url=%2FConscious-Food-Organic-Pressed-Mustard%2Fdp%2FB0BJPD27HD%2Fref%3Dsr_1_1_sspa%3Fdib%3DeyJ2IjoiMSJ9.U6A63ZDAq39qlnYX0PIyRvEE0R4ZPj86AJctvBimFuffSUOoLUi4mifjplJn9W4ir-zX1dcRzQr6U0i-PyWVrWixPC7Z0RajtkVyWDQyOSdRMe1ceUZ1TtgTP5VYfZpLIsnwzGe6tmGdn_6UeY3yGPuPmIx9-2S8xNhLR6SYyDIrBJY5Dp0dJXreUJGCcJEBEzxksnzXUcgd4MWYuCFF-WFn_7aaD7mnPXa83g6PSIchOIBuOiUPfIatOR56Vd0WTARUZCLpUxpugk7NU5NX0p2-kN2aQLIAB9mmGkJGlHY.RqA6HCXqOUfphHrKCsaA3UXb6vXQj6KTMA4mZGShRq4%26dib_tag%3Dse%26keywords%3Dorganic%2Bfood%2Bproducts%26qid%3D1759042492%26sr%3D8-1-spons%26sp_csd%3Dd2lkZ2V0TmFtZT1zcF9hdGY%26psc%3D1&aref=4BfPrm5ONv&sp_cr=ZAZ,https://m.media-amazon.com/images/I/71QINjZY3aL._AC_UL320_.jpg,,4.3,,2025-09-28 12:24:53,,
Unknown Product,,1799.0,,,,,,,,amazon,,https://www.amazon.in/sspa/click?ie=UTF8&spc=MTo4OTE2MTk3NTQ5MTY2MDAyOjE3NTkwNDI0OTI6c3BfYXRmOjIwMTM0ODMzMDg4OTk4OjowOjo&url=%2FConscious-Food-Organic-Pressed-Sunflower%2Fdp%2FB0BJP63TPJ%2Fref%3Dsr_1_2_sspa%3Fdib%3DeyJ2IjoiMSJ9.U6A63ZDAq39qlnYX0PIyRvEE0R4ZPj86AJctvBimFuffSUOoLUi4mifjplJn9W4ir-zX1dcRzQr6U0i-PyWVrWixPC7Z0RajtkVyWDQyOSdRMe1ceUZ1TtgTP5VYfZpLIsnwzGe6tmGdn_6UeY3yGPuPmIx9-2S8xNhLR6SYyDIrBJY5Dp0dJXreUJGCcJEBEzxksnzXUcgd4MWYuCFF-WFn_7aaD7mnPXa83g6PSIchOIBuOiUPfIatOR56Vd0WTARUZCLpUxpugk7NU5NX0p2-kN2aQLIAB9mmGkJGlHY.RqA6HCXqOUfphHrKCsaA3UXb6vXQj6KTMA4mZGShRq4%26dib_tag%3Dse%26keywords%3Dorganic%2Bfood%2Bproducts%26qid%3D1759042492%26sr%3D8-2-spons%26sp_csd%3Dd2lkZ2V0TmFtZT1zcF9hdGY%26psc%3D1&aref=CRSGKMMwvd&sp_cr=ZAZ,https://m.media-amazon.com/images/I/71lN2Wbaa2L._AC_UL320_.jpg,,4.1,,2025-09-28 12:24:53,,
Unknown Product,,219.0,,,,,,,,amazon,,https://www.amazon.in/sspa/click?ie=UTF8&spc=MTo4OTE2MTk3NTQ5MTY2MDAyOjE3NTkwNDI0OTI6c3BfYXRmOjMwMDQ0ODU1MDI5NzMzMjo6MDo6&url=%2FKapiva-Certified-Organic-Moringa-Nutrients%2Fdp%2FB0DP5BM31Z%2Fref%3Dsr_1_3_sspa%3Fdib%3DeyJ2IjoiMSJ9.U6A63ZDAq39qlnYX0PIyRvEE0R4ZPj86AJctvBimFuffSUOoLUi4mifjplJn9W4ir-zX1dcRzQr6U0i-PyWVrWixPC7Z0RajtkVyWDQyOSdRMe1ceUZ1TtgTP5VYfZpLIsnwzGe6tmGdn_6UeY3yGPuPmIx9-2S8xNhLR6SYyDIrBJY5Dp0dJXreUJGCcJEBEzxksnzXUcgd4MWYuCFF-WFn_7aaD7mnPXa83g6PSIchOIBuOiUPfIatOR56Vd0WTARUZCLpUxpugk7NU5NX0p2-kN2aQLIAB9mmGkJGlHY.RqA6HCXqOUfphHrKCsaA3UXb6vXQj6KTMA4mZGShRq4%26dib_tag%3Dse%26keywords%3Dorganic%2Bfood%2Bproducts%26qid%3D1759042492%26sr%3D8-3-spons%26sp_csd%3Dd2lkZ2V0TmFtZT1zcF9hdGY%26psc%3D1&aref=secTJKL63I&sp_cr=ZAZ,https://m.media-amazon.com/images/I/61T-9jDzEdL._AC_UL320_.jpg,,4.1,,2025-09-28 12:24:53,,
Unknown Product,,949.0,,,,,,,,amazon,,https://www.amazon.in/sspa/click?ie=UTF8&spc=MTo4OTE2MTk3NTQ5MTY2MDAyOjE3NTkwNDI0OTI6c3BfYXRmOjMwMDM5Mjc3ODEzMzAzMjo6MDo6&url=%2FTWO-BROTHERS-ORGANIC-FARMS-Amorearth%2Fdp%2FB07QMS58DG%2Fref%3Dsr_1_4_sspa%3Fdib%3DeyJ2IjoiMSJ9.U6A63ZDAq39qlnYX0PIyRvEE0R4ZPj86AJctvBimFuffSUOoLUi4mifjplJn9W4ir-zX1dcRzQr6U0i-PyWVrWixPC7Z0RajtkVyWDQyOSdRMe1ceUZ1TtgTP5VYfZpLIsnwzGe6tmGdn_6UeY3yGPuPmIx9-2S8xNhLR6SYyDIrBJY5Dp0dJXreUJGCcJEBEzxksnzXUcgd4MWYuCFF-WFn_7aaD7mnPXa83g6PSIchOIBuOiUPfIatOR56Vd0WTARUZCLpUxpugk7NU5NX0p2-kN2aQLIAB9mmGkJGlHY.RqA6HCXqOUfphHrKCsaA3UXb6vXQj6KTMA4mZGShRq4%26dib_tag%3Dse%26keywords%3Dorganic%2Bfood%2Bproducts%26qid%3D1759042492%26sr%3D8-4-spons%26sp_csd%3Dd2lkZ2V0TmFtZT1zcF9hdGY%26psc%3D1&aref=U4xb1OdmOK&sp_cr=ZAZ,https://m.media-amazon.com/images/I/61j7MF5dp6L._AC_UL320_.jpg,,4.2,,2025-09-28 12:24:53,,
Unknown Product,,208.0,,,,,,,,amazon,,https://www.amazon.in/TATA-Product-Essential-Nutrition-Superfood/dp/B01JCFDX4S/ref=sr_1_5?dib=eyJ2IjoiMSJ9.U6A63ZDAq39qlnYX0PIyRvEE0R4ZPj86AJctvBimFuffSUOoLUi4mifjplJn9W4ir-zX1dcRzQr6U0i-PyWVrWixPC7Z0RajtkVyWDQyOSdRMe1ceUZ1TtgTP5VYfZpLIsnwzGe6tmGdn_6UeY3yGPuPmIx9-2S8xNhLR6SYyDIrBJY5Dp0dJXreUJGCcJEBEzxksnzXUcgd4MWYuCFF-WFn_7aaD7mnPXa83g6PSIchOIBuOiUPfIatOR56Vd0WTARUZCLpUxpugk7NU5NX0p2-kN2aQLIAB9mmGkJGlHY.RqA6HCXqOUfphHrKCsaA3UXb6vXQj6KTMA4mZGShRq4&dib_tag=se&keywords=organic+food+products&qid=1759042492&sr=8-5,https://m.media-amazon.com/images/I/71rnpdNvxeL._AC_UL320_.jpg,,4.2,,2025-09-28 12:24:53,,
Unknown Product,,86.0,,,,,,,,amazon,,https://www.amazon.in/Organic-Tattva-Jaggery-Powder-500g/dp/B00M57WTAU/ref=sr_1_6?dib=eyJ2IjoiMSJ9.U6A63ZDAq39qlnYX0PIyRvEE0R4ZPj86AJctvBimFuffSUOoLUi4mifjplJn9W4ir-zX1dcRzQr6U0i-PyWVrWixPC7Z0RajtkVyWDQyOSdRMe1ceUZ1TtgTP5VYfZpLIsnwzGe6tmGdn_6UeY3yGPuPmIx9-2S8xNhLR6SYyDIrBJY5Dp0dJXreUJGCcJEBEzxksnzXUcgd4MWYuCFF-WFn_7aaD7mnPXa83g6PSIchOIBuOiUPfIatOR56Vd0WTARUZCLpUxpugk7NU5NX0p2-kN2aQLIAB9mmGkJGlHY.RqA6HCXqOUfphHrKCsaA3UXb6vXQj6KTMA4mZGShRq4&dib_tag=se&keywords=organic+food+products&qid=1759042492&sr=8-6,https://m.media-amazon.com/images/I/71THhYum+VL._AC_UL320_.jpg,,4.3,,2025-09-28 12:24:53,,
Unknown Product,,198.0,,,,,,,,amazon,,https://www.amazon.in/SAPTAMVEDA-100-Organic-Moringa-Powder/dp/B08FTD4YFD/ref=sr_1_7?dib=eyJ2IjoiMSJ9.U6A63ZDAq39qlnYX0PIyRvEE0R4ZPj86AJctvBimFuffSUOoLUi4mifjplJn9W4ir-zX1dcRzQr6U0i-PyWVrWixPC7Z0RajtkVyWDQyOSdRMe1ceUZ1TtgTP5VYfZpLIsnwzGe6tmGdn_6UeY3yGPuPmIx9-2S8xNhLR6SYyDIrBJY5Dp0dJXreUJGCcJEBEzxksnzXUcgd4MWYuCFF-WFn_7aaD7mnPXa83g6PSIchOIBuOiUPfIatOR56Vd0WTARUZCLpUxpugk7NU5NX0p2-kN2aQLIAB9mmGkJGlHY.RqA6HCXqOUfphHrKCsaA3UXb6vXQj6KTMA4mZGShRq4&dib_tag=se&keywords=organic+food+products&qid=1759042492&sr=8-7,https://m.media-amazon.com/images/I/71gaxSw+UAL._AC_UL320_.jpg,,4.0,,2025-09-28 12:24:53,,
Unknown Product,,150.0,,,,,,,,amazon,,https://www.amazon.in/Organic-Tattva-Groundnuts-Peanuts-500g/dp/B00M57WJQ4/ref=sr_1_8_f3_0o_fs_mod_primary_alm?dib=eyJ2IjoiMSJ9.U6A63ZDAq39qlnYX0PIyRvEE0R4ZPj86AJctvBimFuffSUOoLUi4mifjplJn9W4ir-zX1dcRzQr6U0i-PyWVrWixPC7Z0RajtkVyWDQyOSdRMe1ceUZ1TtgTP5VYfZpLIsnwzGe6tmGdn_6UeY3yGPuPmIx9-2S8xNhLR6SYyDIrBJY5Dp0dJXreUJGCcJEBEzxksnzXUcgd4MWYuCFF-WFn_7aaD7mnPXa83g6PSIchOIBuOiUPfIatOR56Vd0WTARUZCLpUxpugk7NU5NX0p2-kN2aQLIAB9mmGkJGlHY.RqA6HCXqOUfphHrKCsaA3UXb6vXQj6KTMA4mZGShRq4&dib_tag=se&keywords=organic+food+products&qid=1759042492&sbo=m6DjfpMzMLDmL8pSMKX8hw%3D%3D&sr=8-8,https://m.media-amazon.com/images/I/51Si0M53FqL._AC_UL320_.jpg,,4.4,,2025-09-28 12:24:53,,
Unknown Product,,242.0,,,,,,,,amazon,,https://www.amazon.in/Divine-Foods-Sweetener-Alternative-Unrefined/dp/B09QJLKH6N/ref=sr_1_9?dib=eyJ2IjoiMSJ9.U6A63ZDAq39qlnYX0PIyRvEE0R4ZPj86AJctvBimFuffSUOoLUi4mifjplJn9W4ir-zX1dcRzQr6U0i-PyWVrWixPC7Z0RajtkVyWDQyOSdRMe1ceUZ1TtgTP5VYfZpLIsnwzGe6tmGdn_6UeY3yGPuPmIx9-2S8xNhLR6SYyDIrBJY5Dp0dJXreUJGCcJEBEzxksnzXUcgd4MWYuCFF-WFn_7aaD7mnPXa83g6PSIchOIBuOiUPfIatOR56Vd0WTARUZCLpUxpugk7NU5NX0p2-kN2aQLIAB9mmGkJGlHY.RqA6HCXqOUfphHrKCsaA3UXb6vXQj6KTMA4mZGShRq4&dib_tag=se&keywords=organic+food+products&qid=1759042492&sr=8-9,https://m.media-amazon.com/images/I/51iOARQKDsL._AC_UL320_.jpg,,4.2,,2025-09-28 12:24:53,,
Unknown Product,,86.0,,,,,,,,amazon,,https://www.amazon.in/Conscious-Food-Antioxidant-Anti-Inflammatory-Iron-Pounded/dp/B09GG619RJ/ref=sr_1_10?dib=eyJ2IjoiMSJ9.U6A63ZDAq39qlnYX0PIyRvEE0R4ZPj86AJctvBimFuffSUOoLUi4mifjplJn9W4ir-zX1dcRzQr6U0i-PyWVrWixPC7Z0RajtkVyWDQyOSdRMe1ceUZ1TtgTP5VYfZpLIsnwzGe6tmGdn_6UeY3yGPuPmIx9-2S8xNhLR6SYyDIrBJY5Dp0dJXreUJGCcJEBEzxksnzXUcgd4MWYuCFF-WFn_7aaD7mnPXa83g6PSIchOIBuOiUPfIatOR56Vd0WTARUZCLpUxpugk7NU5NX0p2-kN2aQLIAB9mmGkJGlHY.RqA6HCXqOUfphHrKCsaA3UXb6vXQj6KTMA4mZGShRq4&dib_tag=se&keywords=organic+food+products&qid=1759042492&sr=8-10,https://m.media-amazon.com/images/I/61GJmfBddsL._AC_UL320_.jpg,,4.5,,2025-09-28 12:24:53,,
Unknown Product,,130.0,,,,,,,,amazon,,https://www.amazon.in/Conscious-Food-Jaggery-Powder-Sugarcane/dp/B08CMQ7QK7/ref=sr_1_11?dib=eyJ2IjoiMSJ9.U6A63ZDAq39qlnYX0PIyRvEE0R4ZPj86AJctvBimFuffSUOoLUi4mifjplJn9W4ir-zX1dcRzQr6U0i-PyWVrWixPC7Z0RajtkVyWDQyOSdRMe1ceUZ1TtgTP5VYfZpLIsnwzGe6tmGdn_6UeY3yGPuPmIx9-2S8xNhLR6SYyDIrBJY5Dp0dJXreUJGCcJEBEzxksnzXUcgd4MWYuCFF-WFn_7aaD7mnPXa83g6PSIchOIBuOiUPfIatOR56Vd0WTARUZCLpUxpugk7NU5NX0p2-kN2aQLIAB9mmGkJGlHY.RqA6HCXqOUfphHrKCsaA3UXb6vXQj6KTMA4mZGShRq4&dib_tag=se&keywords=organic+food+products&qid=1759042492&sr=8-11,https://m.media-amazon.com/images/I/6185eCRbsbL._AC_UL320_.jpg,,4.1,,2025-09-28 12:24:53,,
Unknown Product,,209.0,,,,,,,,amazon,,https://www.amazon.in/Conscious-Food-Organic-Yellow-Mung/dp/B08MLBZZKW/ref=sr_1_12?dib=eyJ2IjoiMSJ9.U6A63ZDAq39qlnYX0PIyRvEE0R4ZPj86AJctvBimFuffSUOoLUi4mifjplJn9W4ir-zX1dcRzQr6U0i-PyWVrWixPC7Z0RajtkVyWDQyOSdRMe1ceUZ1TtgTP5VYfZpLIsnwzGe6tmGdn_6UeY3yGPuPmIx9-2S8xNhLR6SYyDIrBJY5Dp0dJXreUJGCcJEBEzxksnzXUcgd4MWYuCFF-WFn_7aaD7mnPXa83g6PSIchOIBuOiUPfIatOR56Vd0WTARUZCLpUxpugk7NU5NX0p2-kN2aQLIAB9mmGkJGlHY.RqA6HCXqOUfphHrKCsaA3UXb6vXQj6KTMA4mZGShRq4&dib_tag=se&keywords=organic+food+products&qid=1759042492&sr=8-12,https://m.media-amazon.com/images/I/71wp6wMUctL._AC_UL320_.jpg,,4.5,,2025-09-28 12:24:53,,
Unknown Product,,228.0,,,,,,,,amazon,,https://www.amazon.in/Tata-Sampann-Magnesium-Phosphorus-Watermelon/dp/B0CJ34592T/ref=sr_1_13?dib=eyJ2IjoiMSJ9.U6A63ZDAq39qlnYX0PIyRvEE0R4ZPj86AJctvBimFuffSUOoLUi4mifjplJn9W4ir-zX1dcRzQr6U0i-PyWVrWixPC7Z0RajtkVyWDQyOSdRMe1ceUZ1TtgTP5VYfZpLIsnwzGe6tmGdn_6UeY3yGPuPmIx9-2S8xNhLR6SYyDIrBJY5Dp0dJXreUJGCcJEBEzxksnzXUcgd4MWYuCFF-WFn_7aaD7mnPXa83g6PSIchOIBuOiUPfIatOR56Vd0WTARUZCLpUxpugk7NU5NX0p2-kN2aQLIAB9mmGkJGlHY.RqA6HCXqOUfphHrKCsaA3UXb6vXQj6KTMA4mZGShRq4&dib_tag=se&keywords=organic+food+products&qid=1759042492&sr=8-13,https://m.media-amazon.com/images/I/71ljeZ5VsuL._AC_UL320_.jpg,,4.4,,2025-09-28 12:24:53,,
Unknown Product,,555.0,,,,,,,,amazon,,https://www.amazon.in/Indigenous-Unprocessed-Unfiltered-Unpasteurized-Disorders/dp/B07H5PVCH7/ref=sr_1_14?dib=eyJ2IjoiMSJ9.U6A63ZDAq39qlnYX0PIyRvEE0R4ZPj86AJctvBimFuffSUOoLUi4mifjplJn9W4ir-zX1dcRzQr6U0i-PyWVrWixPC7Z0RajtkVyWDQyOSdRMe1ceUZ1TtgTP5VYfZpLIsnwzGe6tmGdn_6UeY3yGPuPmIx9-2S8xNhLR6SYyDIrBJY5Dp0dJXreUJGCcJEBEzxksnzXUcgd4MWYuCFF-WFn_7aaD7mnPXa83g6PSIchOIBuOiUPfIatOR56Vd0WTARUZCLpUxpugk7NU5NX0p2-kN2aQLIAB9mmGkJGlHY.RqA6HCXqOUfphHrKCsaA3UXb6vXQj6KTMA4mZGShRq4&dib_tag=se&keywords=organic+food+products&qid=1759042492&sr=8-14,https://m.media-amazon.com/images/I/518ikxnD0DL._AC_UL320_.jpg,,4.2,,2025-09-28 12:24:53,,
Unknown Product,,86.0,,,,,,,,amazon,,https://www.amazon.in/TATA-Product-Substitute-Chemical-Digestion/dp/B084M3KZPS/ref=sr_1_15?dib=eyJ2IjoiMSJ9.U6A63ZDAq39qlnYX0PIyRvEE0R4ZPj86AJctvBimFuffSUOoLUi4mifjplJn9W4ir-zX1dcRzQr6U0i-PyWVrWixPC7Z0RajtkVyWDQyOSdRMe1ceUZ1TtgTP5VYfZpLIsnwzGe6tmGdn_6UeY3yGPuPmIx9-2S8xNhLR6SYyDIrBJY5Dp0dJXreUJGCcJEBEzxksnzXUcgd4MWYuCFF-WFn_7aaD7mnPXa83g6PSIchOIBuOiUPfIatOR56Vd0WTARUZCLpUxpugk7NU5NX0p2-kN2aQLIAB9mmGkJGlHY.RqA6HCXqOUfphHrKCsaA3UXb6vXQj6KTMA4mZGShRq4&dib_tag=se&keywords=organic+food+products&qid=1759042492&sr=8-15,https://m.media-amazon.com/images/I/81+EUzlrRfL._AC_UL320_.jpg,,4.3,,2025-09-28 12:24:53,,
Unknown Product,,205.0,,,,,,,,amazon,,https://www.amazon.in/Kokos-Natural-Natir%C3%A8l-Banana-Flour/dp/B01I4QFL7S/ref=sr_1_16?dib=eyJ2IjoiMSJ9.U6A63ZDAq39qlnYX0PIyRvEE0R4ZPj86AJctvBimFuffSUOoLUi4mifjplJn9W4ir-zX1dcRzQr6U0i-PyWVrWixPC7Z0RajtkVyWDQyOSdRMe1ceUZ1TtgTP5VYfZpLIsnwzGe6tmGdn_6UeY3yGPuPmIx9-2S8xNhLR6SYyDIrBJY5Dp0dJXreUJGCcJEBEzxksnzXUcgd4MWYuCFF-WFn_7aaD7mnPXa83g6PSIchOIBuOiUPfIatOR56Vd0WTARUZCLpUxpugk7NU5NX0p2-kN2aQLIAB9mmGkJGlHY.RqA6HCXqOUfphHrKCsaA3UXb6vXQj6KTMA4mZGShRq4&dib_tag=se&keywords=organic+food+products&qid=1759042492&sr=8-16,https://m.media-amazon.com/images/I/61nN6EsbhSL._AC_UL320_.jpg,,4.2,,2025-09-28 12:24:53,,
Unknown Product,,,,,,,,,,amazon,,https://www.amazon.in/Aashirvaad-Organic-Arhar-Tur-Split/dp/B08JC8YTT6/ref=sr_1_17?dib=eyJ2IjoiMSJ9.U6A63ZDAq39qlnYX0PIyRvEE0R4ZPj86AJctvBimFuffSUOoLUi4mifjplJn9W4ir-zX1dcRzQr6U0i-PyWVrWixPC7Z0RajtkVyWDQyOSdRMe1ceUZ1TtgTP5VYfZpLIsnwzGe6tmGdn_6UeY3yGPuPmIx9-2S8xNhLR6SYyDIrBJY5Dp0dJXreUJGCcJEBEzxksnzXUcgd4MWYuCFF-WFn_7aaD7mnPXa83g6PSIchOIBuOiUPfIatOR56Vd0WTARUZCLpUxpugk7NU5NX0p2-kN2aQLIAB9mmGkJGlHY.RqA6HCXqOUfphHrKCsaA3UXb6vXQj6KTMA4mZGShRq4&dib_tag=se&keywords=organic+food+products&qid=1759042492&sr=8-17,https://m.media-amazon.com/images/I/81eI-SrtEeL._AC_UL320_.jpg,,4.4,,2025-09-28 12:24:53,,
Unknown Product,,217.0,,,,,,,,amazon,,https://www.amazon.in/Organic-India-Moringa-Essential-Nutrition/dp/B01IR4XXT0/ref=sr_1_18?dib=eyJ2IjoiMSJ9.U6A63ZDAq39qlnYX0PIyRvEE0R4ZPj86AJctvBimFuffSUOoLUi4mifjplJn9W4ir-zX1dcRzQr6U0i-PyWVrWixPC7Z0RajtkVyWDQyOSdRMe1ceUZ1TtgTP5VYfZpLIsnwzGe6tmGdn_6UeY3yGPuPmIx9-2S8xNhLR6SYyDIrBJY5Dp0dJXreUJGCcJEBEzxksnzXUcgd4MWYuCFF-WFn_7aaD7mnPXa83g6PSIchOIBuOiUPfIatOR56Vd0WTARUZCLpUxpugk7NU5NX0p2-kN2aQLIAB9mmGkJGlHY.RqA6HCXqOUfphHrKCsaA3UXb6vXQj6KTMA4mZGShRq4&dib_tag=se&keywords=organic+food+products&qid=1759042492&sr=8-18,https://m.media-amazon.com/images/I/61WV4IdeVvL._AC_UL320_.jpg,,4.3,,2025-09-28 12:24:53,,
Unknown Product,,219.0,,,,,,,,amazon,,https://www.amazon.in/Kapiva-Certified-Organic-Moringa-Nutrients/dp/B0DP5BM31Z/ref=sr_1_19?dib=eyJ2IjoiMSJ9.U6A63ZDAq39qlnYX0PIyRvEE0R4ZPj86AJctvBimFuffSUOoLUi4mifjplJn9W4ir-zX1dcRzQr6U0i-PyWVrWixPC7Z0RajtkVyWDQyOSdRMe1ceUZ1TtgTP5VYfZpLIsnwzGe6tmGdn_6UeY3yGPuPmIx9-2S8xNhLR6SYyDIrBJY5Dp0dJXreUJGCcJEBEzxksnzXUcgd4MWYuCFF-WFn_7aaD7mnPXa83g6PSIchOIBuOiUPfIatOR56Vd0WTARUZCLpUxpugk7NU5NX0p2-kN2aQLIAB9mmGkJGlHY.RqA6HCXqOUfphHrKCsaA3UXb6vXQj6KTMA4mZGShRq4&dib_tag=se&keywords=organic+food+products&qid=1759042492&sr=8-19,https://m.media-amazon.com/images/I/61T-9jDzEdL._AC_UL320_.jpg,,4.1,,2025-09-28 12:24:53,,
Unknown Product,,155.0,,,,,,,,amazon,,https://www.amazon.in/Conscious-Food-Organic-Chick-Kabuli/dp/B00M54HZB6/ref=sr_1_20?dib=eyJ2IjoiMSJ9.U6A63ZDAq39qlnYX0PIyRvEE0R4ZPj86AJctvBimFuffSUOoLUi4mifjplJn9W4ir-zX1dcRzQr6U0i-PyWVrWixPC7Z0RajtkVyWDQyOSdRMe1ceUZ1TtgTP5VYfZpLIsnwzGe6tmGdn_6UeY3yGPuPmIx9-2S8xNhLR6SYyDIrBJY5Dp0dJXreUJGCcJEBEzxksnzXUcgd4MWYuCFF-WFn_7aaD7mnPXa83g6PSIchOIBuOiUPfIatOR56Vd0WTARUZCLpUxpugk7NU5NX0p2-kN2aQLIAB9mmGkJGlHY.RqA6HCXqOUfphHrKCsaA3UXb6vXQj6KTMA4mZGShRq4&dib_tag=se&keywords=organic+food+products&qid=1759042492&sr=8-20,https://m.media-amazon.com/images/I/61BwHCErHWL._AC_UL320_.jpg,,4.5,,2025-09-28 12:24:53,,
Unknown Product,,120.0,,,,,,,,amazon,,https://www.amazon.in/Chhedas-Kachori-Crispy-Mixture-Filling/dp/B08WJ4C33Z/ref=sr_1_1?dib=eyJ2IjoiMSJ9.1Zy-njsP_MsT0c2EFXEOe23wQ4apWt_4xSrG1jEwRfW-V1WMJz5o6DZWRQASbD1wqOdWBM5HB9lDW8PH6Nf5JFW8wH6a3Uta6bs30bmqzze2XGo0G-GjAHslzMkXypAYJbDnBPTwAbZB4oKEuz_Ghqw385J6xmvS2p9rZRC5rbX0FL4_Uihh-g9tCFD2BVt7hixIKdfDTBKEzwuWNZ3qfaUiDZiTKJtBS81oe40XUtw-FL4mXzbHuII_hKU4zib46we7a6miqV16gEmpAaZvFUJGw4Ip5beIsz0cX6cySTY.27cuvsGRK5xewBVUsTJM2jO4OPcFQOfDGTfLrF9lMp4&dib_tag=se&keywords=packaged+snacks&qid=1759042505&sr=8-1,https://m.media-amazon.com/images/I/71XDFPX005L._AC_UL320_.jpg,,4.0,,2025-09-28 12:25:06,,
Unknown Product,,109.0,,,,,,,,amazon,,https://www.amazon.in/Evolve-Bhakarwadi-Healthy-Artificial-Preservatives/dp/B0DK7FZJFC/ref=sr_1_2?dib=eyJ2IjoiMSJ9.1Zy-njsP_MsT0c2EFXEOe23wQ4apWt_4xSrG1jEwRfW-V1WMJz5o6DZWRQASbD1wqOdWBM5HB9lDW8PH6Nf5JFW8wH6a3Uta6bs30bmqzze2XGo0G-GjAHslzMkXypAYJbDnBPTwAbZB4oKEuz_Ghqw385J6xmvS2p9rZRC5rbX0FL4_Uihh-g9tCFD2BVt7hixIKdfDTBKEzwuWNZ3qfaUiDZiTKJtBS81oe40XUtw-FL4mXzbHuII_hKU4zib46we7a6miqV16gEmpAaZvFUJGw4Ip5beIsz0cX6cySTY.27cuvsGRK5xewBVUsTJM2jO4OPcFQOfDGTfLrF9lMp4&dib_tag=se&keywords=packaged+snacks&qid=1759042505&sr=8-2,https://m.media-amazon.com/images/I/71J5+1VivNL._AC_UL320_.jpg,,4.2,,2025-09-28 12:25:06,,
Unknown Product,,116.0,,,,,,,,amazon,,https://www.amazon.in/Karachi-Bakery-Coconut-Delicious-Vegetarian/dp/B0D8RM7TLV/ref=sr_1_3?dib=eyJ2IjoiMSJ9.1Zy-njsP_MsT0c2EFXEOe23wQ4apWt_4xSrG1jEwRfW-V1WMJz5o6DZWRQASbD1wqOdWBM5HB9lDW8PH6Nf5JFW8wH6a3Uta6bs30bmqzze2XGo0G-GjAHslzMkXypAYJbDnBPTwAbZB4oKEuz_Ghqw385J6xmvS2p9rZRC5rbX0FL4_Uihh-g9tCFD2BVt7hixIKdfDTBKEzwuWNZ3qfaUiDZiTKJtBS81oe40XUtw-FL4mXzbHuII_hKU4zib46we7a6miqV16gEmpAaZvFUJGw4Ip5beIsz0cX6cySTY.27cuvsGRK5xewBVUsTJM2jO4OPcFQOfDGTfLrF9lMp4&dib_tag=se&keywords=packaged+snacks&qid=1759042505&sr=8-3,https://m.media-amazon.com/images/I/81gDyJWR24L._AC_UL320_.jpg,,3.7,,2025-09-28 12:25:06,,
Unknown Product,,159.0,,,,,,,,amazon,,https://www.amazon.in/Sunfeast-Dark-Fantasy-Choco-Fills/dp/B083LJGP9M/ref=sr_1_4?dib=eyJ2IjoiMSJ9.1Zy-njsP_MsT0c2EFXEOe23wQ4apWt_4xSrG1jEwRfW-V1WMJz5o6DZWRQASbD1wqOdWBM5HB9lDW8PH6Nf5JFW8wH6a3Uta6bs30bmqzze2XGo0G-GjAHslzMkXypAYJbDnBPTwAbZB4oKEuz_Ghqw385J6xmvS2p9rZRC5rbX0FL4_Uihh-g9tCFD2BVt7hixIKdfDTBKEzwuWNZ3qfaUiDZiTKJtBS81oe40XUtw-FL4mXzbHuII_hKU4zib46we7a6miqV16gEmpAaZvFUJGw4Ip5beIsz0cX6cySTY.27cuvsGRK5xewBVUsTJM2jO4OPcFQOfDGTfLrF9lMp4&dib_tag=se&keywords=packaged+snacks&qid=1759042505&sr=8-4,https://m.media-amazon.com/images/I/810CEFr-rYL._AC_UL320_.jpg,,4.4,,2025-09-28 12:25:06,,
Unknown Product,,321.0,,,,,,,,amazon,,https://www.amazon.in/Farmley-Premium-Delicious-Pistachios-Cashewnuts/dp/B0BSXC1Z63/ref=sr_1_5?dib=eyJ2IjoiMSJ9.1Zy-njsP_MsT0c2EFXEOe23wQ4apWt_4xSrG1jEwRfW-V1WMJz5o6DZWRQASbD1wqOdWBM5HB9lDW8PH6Nf5JFW8wH6a3Uta6bs30bmqzze2XGo0G-GjAHslzMkXypAYJbDnBPTwAbZB4oKEuz_Ghqw385J6xmvS2p9rZRC5rbX0FL4_Uihh-g9tCFD2BVt7hixIKdfDTBKEzwuWNZ3qfaUiDZiTKJtBS81oe40XUtw-FL4mXzbHuII_hKU4zib46we7a6miqV16gEmpAaZvFUJGw4Ip5beIsz0cX6cySTY.27cuvsGRK5xewBVUsTJM2jO4OPcFQOfDGTfLrF9lMp4&dib_tag=se&keywords=packaged+snacks&qid=1759042505&sr=8-5,https://m.media-amazon.com/images/I/71fvY4ZjalL._AC_UL320_.jpg,,4.3,,2025-09-28 12:25:06,,
Unknown Product,,221.0,,,,,,,,amazon,,https://www.amazon.in/Cheese-Preservatives-Healthy-Millet-Naturally/dp/B0CTJXCFJ1/ref=sr_1_6?dib=eyJ2IjoiMSJ9.1Zy-njsP_MsT0c2EFXEOe23wQ4apWt_4xSrG1jEwRfW-V1WMJz5o6DZWRQASbD1wqOdWBM5HB9lDW8PH6Nf5JFW8wH6a3Uta6bs30bmqzze2XGo0G-GjAHslzMkXypAYJbDnBPTwAbZB4oKEuz_Ghqw385J6xmvS2p9rZRC5rbX0FL4_Uihh-g9tCFD2BVt7hixIKdfDTBKEzwuWNZ3qfaUiDZiTKJtBS81oe40XUtw-FL4mXzbHuII_hKU4zib46we7a6miqV16gEmpAaZvFUJGw4Ip5beIsz0cX6cySTY.27cuvsGRK5xewBVUsTJM2jO4OPcFQOfDGTfLrF9lMp4&dib_tag=se&keywords=packaged+snacks&qid=1759042505&sr=8-6,https://m.media-amazon.com/images/I/71+VKytcxaL._AC_UL320_.jpg,,4.0,,2025-09-28 12:25:06,,
Unknown Product,,119.0,,,,,,,,amazon,,https://www.amazon.in/Roasty-Tasty-Millet-Roasted-Namkeen/dp/B0BTDJS198/ref=sr_1_7?dib=eyJ2IjoiMSJ9.1Zy-njsP_MsT0c2EFXEOe23wQ4apWt_4xSrG1jEwRfW-V1WMJz5o6DZWRQASbD1wqOdWBM5HB9lDW8PH6Nf5JFW8wH6a3Uta6bs30bmqzze2XGo0G-GjAHslzMkXypAYJbDnBPTwAbZB4oKEuz_Ghqw385J6xmvS2p9rZRC5rbX0FL4_Uihh-g9tCFD2BVt7hixIKdfDTBKEzwuWNZ3qfaUiDZiTKJtBS81oe40XUtw-FL4mXzbHuII_hKU4zib46we7a6miqV16gEmpAaZvFUJGw4Ip5beIsz0cX6cySTY.27cuvsGRK5xewBVUsTJM2jO4OPcFQOfDGTfLrF9lMp4&dib_tag=se&keywords=packaged+snacks&qid=1759042505&sr=8-7,https://m.media-amazon.com/images/I/71VcD4Qa0CL._AC_UL320_.jpg,,4.1,,2025-09-28 12:25:06,,
Unknown Product,,224.0,,,,,,,,amazon,,https://www.amazon.in/Bikano-Crunchy-Perfect-Tea-Time-Namkeen/dp/B07NVS3FR1/ref=sr_1_8?dib=eyJ2IjoiMSJ9.1Zy-njsP_MsT0c2EFXEOe23wQ4apWt_4xSrG1jEwRfW-V1WMJz5o6DZWRQASbD1wqOdWBM5HB9lDW8PH6Nf5JFW8wH6a3Uta6bs30bmqzze2XGo0G-GjAHslzMkXypAYJbDnBPTwAbZB4oKEuz_Ghqw385J6xmvS2p9rZRC5rbX0FL4_Uihh-g9tCFD2BVt7hixIKdfDTBKEzwuWNZ3qfaUiDZiTKJtBS81oe40XUtw-FL4mXzbHuII_hKU4zib46we7a6miqV16gEmpAaZvFUJGw4Ip5beIsz0cX6cySTY.27cuvsGRK5xewBVUsTJM2jO4OPcFQOfDGTfLrF9lMp4&dib_tag=se&keywords=packaged+snacks&qid=1759042505&sr=8-8,https://m.media-amazon.com/images/I/616zvnU5MEL._AC_UL320_.jpg,,4.2,,2025-09-28 12:25:06,,
Unknown Product,,245.0,,,,,,,,amazon,,https://www.amazon.in/Eat-Better-Co-Namkeen-Flavours/dp/B0CY5N1KVG/ref=sr_1_9?dib=eyJ2IjoiMSJ9.1Zy-njsP_MsT0c2EFXEOe23wQ4apWt_4xSrG1jEwRfW-V1WMJz5o6DZWRQASbD1wqOdWBM5HB9lDW8PH6Nf5JFW8wH6a3Uta6bs30bmqzze2XGo0G-GjAHslzMkXypAYJbDnBPTwAbZB4oKEuz_Ghqw385J6xmvS2p9rZRC5rbX0FL4_Uihh-g9tCFD2BVt7hixIKdfDTBKEzwuWNZ3qfaUiDZiTKJtBS81oe40XUtw-FL4mXzbHuII_hKU4zib46we7a6miqV16gEmpAaZvFUJGw4Ip5beIsz0cX6cySTY.27cuvsGRK5xewBVUsTJM2jO4OPcFQOfDGTfLrF9lMp4&dib_tag=se&keywords=packaged+snacks&qid=1759042505&sr=8-9,https://m.media-amazon.com/images/I/81ojxvQZzUL._AC_UL320_.jpg,,4.0,,2025-09-28 12:25:06,,
Unknown Product,,110.0,,,,,,,,amazon,,https://www.amazon.in/dp/B0FQJRJSFW/ref=sr_1_10?dib=eyJ2IjoiMSJ9.1Zy-njsP_MsT0c2EFXEOe23wQ4apWt_4xSrG1jEwRfW-V1WMJz5o6DZWRQASbD1wqOdWBM5HB9lDW8PH6Nf5JFW8wH6a3Uta6bs30bmqzze2XGo0G-GjAHslzMkXypAYJbDnBPTwAbZB4oKEuz_Ghqw385J6xmvS2p9rZRC5rbX0FL4_Uihh-g9tCFD2BVt7hixIKdfDTBKEzwuWNZ3qfaUiDZiTKJtBS81oe40XUtw-FL4mXzbHuII_hKU4zib46we7a6miqV16gEmpAaZvFUJGw4Ip5beIsz0cX6cySTY.27cuvsGRK5xewBVUsTJM2jO4OPcFQOfDGTfLrF9lMp4&dib_tag=se&keywords=packaged+snacks&qid=1759042505&sr=8-10,https://m.media-amazon.com/images/I/61grdHEb1NL._AC_UL320_.jpg,,,,2025-09-28 12:25:06,,
Unknown Product,,220.0,,,,,,,,amazon,,https://www.amazon.in/Omay-Foods-Roasted-Potato-Flakes/dp/B07SGR5NL1/ref=sr_1_11?dib=eyJ2IjoiMSJ9.1Zy-njsP_MsT0c2EFXEOe23wQ4apWt_4xSrG1jEwRfW-V1WMJz5o6DZWRQASbD1wqOdWBM5HB9lDW8PH6Nf5JFW8wH6a3Uta6bs30bmqzze2XGo0G-GjAHslzMkXypAYJbDnBPTwAbZB4oKEuz_Ghqw385J6xmvS2p9rZRC5rbX0FL4_Uihh-g9tCFD2BVt7hixIKdfDTBKEzwuWNZ3qfaUiDZiTKJtBS81oe40XUtw-FL4mXzbHuII_hKU4zib46we7a6miqV16gEmpAaZvFUJGw4Ip5beIsz0cX6cySTY.27cuvsGRK5xewBVUsTJM2jO4OPcFQOfDGTfLrF9lMp4&dib_tag=se&keywords=packaged+snacks&qid=1759042505&sr=8-11,https://m.media-amazon.com/images/I/61vv02ZLC-L._AC_UL320_.jpg,,3.5,,2025-09-28 12:25:06,,
Unknown Product,,299.0,,,,,,,,amazon,,https://www.amazon.in/Bhakarwadi-Perfection-Preservatives-High-Fiber-Diet-Friendly/dp/B08Y2B9ZYP/ref=sr_1_12?dib=eyJ2IjoiMSJ9.1Zy-njsP_MsT0c2EFXEOe23wQ4apWt_4xSrG1jEwRfW-V1WMJz5o6DZWRQASbD1wqOdWBM5HB9lDW8PH6Nf5JFW8wH6a3Uta6bs30bmqzze2XGo0G-GjAHslzMkXypAYJbDnBPTwAbZB4oKEuz_Ghqw385J6xmvS2p9rZRC5rbX0FL4_Uihh-g9tCFD2BVt7hixIKdfDTBKEzwuWNZ3qfaUiDZiTKJtBS81oe40XUtw-FL4mXzbHuII_hKU4zib46we7a6miqV16gEmpAaZvFUJGw4Ip5beIsz0cX6cySTY.27cuvsGRK5xewBVUsTJM2jO4OPcFQOfDGTfLrF9lMp4&dib_tag=se&keywords=packaged+snacks&qid=1759042505&sr=8-12,https://m.media-amazon.com/images/I/71OtOZKOFfL._AC_UL320_.jpg,,3.6,,2025-09-28 12:25:06,,
Unknown Product,,200.0,,,,,,,,amazon,,https://www.amazon.in/Chhedas-Banana-Chips-Yellow-Wafers/dp/B08WJ12R6N/ref=sr_1_13?dib=eyJ2IjoiMSJ9.1Zy-njsP_MsT0c2EFXEOe23wQ4apWt_4xSrG1jEwRfW-V1WMJz5o6DZWRQASbD1wqOdWBM5HB9lDW8PH6Nf5JFW8wH6a3Uta6bs30bmqzze2XGo0G-GjAHslzMkXypAYJbDnBPTwAbZB4oKEuz_Ghqw385J6xmvS2p9rZRC5rbX0FL4_Uihh-g9tCFD2BVt7hixIKdfDTBKEzwuWNZ3qfaUiDZiTKJtBS81oe40XUtw-FL4mXzbHuII_hKU4zib46we7a6miqV16gEmpAaZvFUJGw4Ip5beIsz0cX6cySTY.27cuvsGRK5xewBVUsTJM2jO4OPcFQOfDGTfLrF9lMp4&dib_tag=se&keywords=packaged+snacks&qid=1759042505&sr=8-13,https://m.media-amazon.com/images/I/71Z2h6w3drL._AC_UL320_.jpg,,4.2,,2025-09-28 12:25:06,,
Unknown Product,,169.0,,,,,,,,amazon,,https://www.amazon.in/Karachi-Bakery-Fruit-Biscuits-400g/dp/B00YDG4IXW/ref=sr_1_14?dib=eyJ2IjoiMSJ9.1Zy-njsP_MsT0c2EFXEOe23wQ4apWt_4xSrG1jEwRfW-V1WMJz5o6DZWRQASbD1wqOdWBM5HB9lDW8PH6Nf5JFW8wH6a3Uta6bs30bmqzze2XGo0G-GjAHslzMkXypAYJbDnBPTwAbZB4oKEuz_Ghqw385J6xmvS2p9rZRC5rbX0FL4_Uihh-g9tCFD2BVt7hixIKdfDTBKEzwuWNZ3qfaUiDZiTKJtBS81oe40XUtw-FL4mXzbHuII_hKU4zib46we7a6miqV16gEmpAaZvFUJGw4Ip5beIsz0cX6cySTY.27cuvsGRK5xewBVUsTJM2jO4OPcFQOfDGTfLrF9lMp4&dib_tag=se&keywords=packaged+snacks&qid=1759042505&sr=8-14,https://m.media-amazon.com/images/I/916aCP2ISiL._AC_UL320_.jpg,,4.2,,2025-09-28 12:25:06,,
Unknown Product,,269.0,,,,,,,,amazon,,https://www.amazon.in/Happilo-Premium-Californian-Roasted-Salted-Pistachios/dp/B01LZ5DFW2/ref=sr_1_15?dib=eyJ2IjoiMSJ9.1Zy-njsP_MsT0c2EFXEOe23wQ4apWt_4xSrG1jEwRfW-V1WMJz5o6DZWRQASbD1wqOdWBM5HB9lDW8PH6Nf5JFW8wH6a3Uta6bs30bmqzze2XGo0G-GjAHslzMkXypAYJbDnBPTwAbZB4oKEuz_Ghqw385J6xmvS2p9rZRC5rbX0FL4_Uihh-g9tCFD2BVt7hixIKdfDTBKEzwuWNZ3qfaUiDZiTKJtBS81oe40XUtw-FL4mXzbHuII_hKU4zib46we7a6miqV16gEmpAaZvFUJGw4Ip5beIsz0cX6cySTY.27cuvsGRK5xewBVUsTJM2jO4OPcFQOfDGTfLrF9lMp4&dib_tag=se&keywords=packaged+snacks&qid=1759042505&sr=8-15,https://m.media-amazon.com/images/I/71pIwzFGf6L._AC_UL320_.jpg,,4.2,,2025-09-28 12:25:06,,
Unknown Product,,229.0,,,,,,,,amazon,,https://www.amazon.in/Dalthamman-Panjabi-Tea-time-Snacking-Packaged/dp/B0CJ9NQW3C/ref=sr_1_16?dib=eyJ2IjoiMSJ9.1Zy-njsP_MsT0c2EFXEOe23wQ4apWt_4xSrG1jEwRfW-V1WMJz5o6DZWRQASbD1wqOdWBM5HB9lDW8PH6Nf5JFW8wH6a3Uta6bs30bmqzze2XGo0G-GjAHslzMkXypAYJbDnBPTwAbZB4oKEuz_Ghqw385J6xmvS2p9rZRC5rbX0FL4_Uihh-g9tCFD2BVt7hixIKdfDTBKEzwuWNZ3qfaUiDZiTKJtBS81oe40XUtw-FL4mXzbHuII_hKU4zib46we7a6miqV16gEmpAaZvFUJGw4Ip5beIsz0cX6cySTY.27cuvsGRK5xewBVUsTJM2jO4OPcFQOfDGTfLrF9lMp4&dib_tag=se&keywords=packaged+snacks&qid=1759042505&sr=8-16,https://m.media-amazon.com/images/I/61hHyrI7KVL._AC_UL320_.jpg,,2.9,,2025-09-28 12:25:06,,
Unknown Product,,315.0,,,,,,,,amazon,,https://www.amazon.in/NUTTY-ORGANICS-Murabba-Digestive-Immunity/dp/B0DRD4T7W3/ref=sr_1_17?dib=eyJ2IjoiMSJ9.1Zy-njsP_MsT0c2EFXEOe23wQ4apWt_4xSrG1jEwRfW-V1WMJz5o6DZWRQASbD1wqOdWBM5HB9lDW8PH6Nf5JFW8wH6a3Uta6bs30bmqzze2XGo0G-GjAHslzMkXypAYJbDnBPTwAbZB4oKEuz_Ghqw385J6xmvS2p9rZRC5rbX0FL4_Uihh-g9tCFD2BVt7hixIKdfDTBKEzwuWNZ3qfaUiDZiTKJtBS81oe40XUtw-FL4mXzbHuII_hKU4zib46we7a6miqV16gEmpAaZvFUJGw4Ip5beIsz0cX6cySTY.27cuvsGRK5xewBVUsTJM2jO4OPcFQOfDGTfLrF9lMp4&dib_tag=se&keywords=packaged+snacks&qid=1759042505&sr=8-17,https://m.media-amazon.com/images/I/71ZWhOK2e+L._AC_UL320_.jpg,,4.5,,2025-09-28 12:25:06,,
Unknown Product,,599.0,,,,,,,,amazon,,https://www.amazon.in/Yogabar-Trail-Mix-Blueberries-Cranberries/dp/B0D1476RVC/ref=sr_1_18?dib=eyJ2IjoiMSJ9.1Zy-njsP_MsT0c2EFXEOe23wQ4apWt_4xSrG1jEwRfW-V1WMJz5o6DZWRQASbD1wqOdWBM5HB9lDW8PH6Nf5JFW8wH6a3Uta6bs30bmqzze2XGo0G-GjAHslzMkXypAYJbDnBPTwAbZB4oKEuz_Ghqw385J6xmvS2p9rZRC5rbX0FL4_Uihh-g9tCFD2BVt7hixIKdfDTBKEzwuWNZ3qfaUiDZiTKJtBS81oe40XUtw-FL4mXzbHuII_hKU4zib46we7a6miqV16gEmpAaZvFUJGw4Ip5beIsz0cX6cySTY.27cuvsGRK5xewBVUsTJM2jO4OPcFQOfDGTfLrF9lMp4&dib_tag=se&keywords=packaged+snacks&qid=1759042505&sr=8-18,https://m.media-amazon.com/images/I/71VpaQbOwJL._AC_UL320_.jpg,,4.3,,2025-09-28 12:25:06,,
Unknown Product,,90.0,,,,,,,,amazon,,https://www.amazon.in/Open-Secret-Healthy-Cookies-Chocolatey/dp/B08RQCCLFN/ref=sr_1_19?dib=eyJ2IjoiMSJ9.1Zy-njsP_MsT0c2EFXEOe23wQ4apWt_4xSrG1jEwRfW-V1WMJz5o6DZWRQASbD1wqOdWBM5HB9lDW8PH6Nf5JFW8wH6a3Uta6bs30bmqzze2XGo0G-GjAHslzMkXypAYJbDnBPTwAbZB4oKEuz_Ghqw385J6xmvS2p9rZRC5rbX0FL4_Uihh-g9tCFD2BVt7hixIKdfDTBKEzwuWNZ3qfaUiDZiTKJtBS81oe40XUtw-FL4mXzbHuII_hKU4zib46we7a6miqV16gEmpAaZvFUJGw4Ip5beIsz0cX6cySTY.27cuvsGRK5xewBVUsTJM2jO4OPcFQOfDGTfLrF9lMp4&dib_tag=se&keywords=packaged+snacks&qid=1759042505&sr=8-19,https://m.media-amazon.com/images/I/61LB-l++jQL._AC_UL320_.jpg,,4.3,,2025-09-28 12:25:06,,
Unknown Product,,218.0,,,,,,,,amazon,,https://www.amazon.in/Beyond-Sn%C3%A1ck-Automated-3-Flavours-Original/dp/B084Q8D86V/ref=sr_1_20?dib=eyJ2IjoiMSJ9.1Zy-njsP_MsT0c2EFXEOe23wQ4apWt_4xSrG1jEwRfW-V1WMJz5o6DZWRQASbD1wqOdWBM5HB9lDW8PH6Nf5JFW8wH6a3Uta6bs30bmqzze2XGo0G-GjAHslzMkXypAYJbDnBPTwAbZB4oKEuz_Ghqw385J6xmvS2p9rZRC5rbX0FL4_Uihh-g9tCFD2BVt7hixIKdfDTBKEzwuWNZ3qfaUiDZiTKJtBS81oe40XUtw-FL4mXzbHuII_hKU4zib46we7a6miqV16gEmpAaZvFUJGw4Ip5beIsz0cX6cySTY.27cuvsGRK5xewBVUsTJM2jO4OPcFQOfDGTfLrF9lMp4&dib_tag=se&keywords=packaged+snacks&qid=1759042505&sr=8-20,https://m.media-amazon.com/images/I/610HbrfO4uL._AC_UL320_.jpg,,3.9,,2025-09-28 12:25:06,,
Unknown Product,,920.0,,,,,,,,amazon,,https://www.amazon.in/sspa/click?ie=UTF8&spc=MTo3MjcxMDg5MjMzMTM0NTk6MTc1OTA0MjUxNzpzcF9hdGY6MzAwMzczMzY4Nzc5OTMyOjowOjo&url=%2FSunscreen-Brightening-Dermatologically-Combination-Fragrance-Free%2Fdp%2FB0DC4945GH%2Fref%3Dsr_1_1_sspa%3Fdib%3DeyJ2IjoiMSJ9.8G0xlh_BK5rU8I6IFK1YbbYRTcBqSyEUTdpQaRQdlhjMKi98DF5O1W6iGnyL8VvxdFsEkV00B-zg1AFSqhEg7pQfRTx5iqbrKqYFoUXQyeIazREWRJtEfnK2iE3oirCjtAYn7neAIOJ4MRJCyeACy1setcKf3BLDGwClPFgW9sg1kaCCWIN2hpsQOGBSDkqQpzV7lAnNOgIYhByVVeTaeaDc7hZ6gDf0oyFSxnLYbWLH7mJhMTUlZGpPDMytAFt1P8kTYb9FCNj804Gi-xjr0kErQAc0yBjaKkB2vMQxVU0.OYVj9CoR2z3DRI6-HbQK1GbhOCBy4nAbt2Imm5tW1NM%26dib_tag%3Dse%26keywords%3Dbeauty%2Bproducts%26qid%3D1759042517%26sr%3D8-1-spons%26sp_csd%3Dd2lkZ2V0TmFtZT1zcF9hdGY%26psc%3D1&aref=EBtuIbtO8Q&sp_cr=ZAZ,https://m.media-amazon.com/images/I/41+OBzPn3mL._AC_UL320_.jpg,,4.2,,2025-09-28 12:25:18,,
Unknown Product,,326.0,,,,,,,,amazon,,https://www.amazon.in/sspa/click?ie=UTF8&spc=MTo3MjcxMDg5MjMzMTM0NTk6MTc1OTA0MjUxNzpzcF9hdGY6MjAwNjIwMDU5MjYzOTg6OjA6Og&url=%2FMoisturizer-Non-Greasy-Vitamin-Instant-Hydration%2Fdp%2FB00E96N6O8%2Fref%3Dsr_1_2_sspa%3Fdib%3DeyJ2IjoiMSJ9.8G0xlh_BK5rU8I6IFK1YbbYRTcBqSyEUTdpQaRQdlhjMKi98DF5O1W6iGnyL8VvxdFsEkV00B-zg1AFSqhEg7pQfRTx5iqbrKqYFoUXQyeIazREWRJtEfnK2iE3oirCjtAYn7neAIOJ4MRJCyeACy1setcKf3BLDGwClPFgW9sg1kaCCWIN2hpsQOGBSDkqQpzV7lAnNOgIYhByVVeTaeaDc7hZ6gDf0oyFSxnLYbWLH7mJhMTUlZGpPDMytAFt1P8kTYb9FCNj804Gi-xjr0kErQAc0yBjaKkB2vMQxVU0.OYVj9CoR2z3DRI6-HbQK1GbhOCBy4nAbt2Imm5tW1NM%26dib_tag%3Dse%26keywords%3Dbeauty%2Bproducts%26qid%3D1759042517%26sr%3D8-2-spons%26sp_csd%3Dd2lkZ2V0TmFtZT1zcF9hdGY%26psc%3D1&aref=Ap7guwRDfT&sp_cr=ZAZ,https://m.media-amazon.com/images/I/51qu97DFTjL._AC_UL320_.jpg,,4.4,,2025-09-28 12:25:18,,
Unknown Product,,537.0,,,,,,,,amazon,,https://www.amazon.in/sspa/click?ie=UTF8&spc=MTo3MjcxMDg5MjMzMTM0NTk6MTc1OTA0MjUxNzpzcF9hdGY6MzAwNjIwNzk0NTk3NTMyOjowOjo&url=%2FLotus-Professional-PhytoRx-Whitening-Brightening%2Fdp%2FB00NJT5TXM%2Fref%3Dsr_1_3_sspa%3Fdib%3DeyJ2IjoiMSJ9.8G0xlh_BK5rU8I6IFK1YbbYRTcBqSyEUTdpQaRQdlhjMKi98DF5O1W6iGnyL8VvxdFsEkV00B-zg1AFSqhEg7pQfRTx5iqbrKqYFoUXQyeIazREWRJtEfnK2iE3oirCjtAYn7neAIOJ4MRJCyeACy1setcKf3BLDGwClPFgW9sg1kaCCWIN2hpsQOGBSDkqQpzV7lAnNOgIYhByVVeTaeaDc7hZ6gDf0oyFSxnLYbWLH7mJhMTUlZGpPDMytAFt1P8kTYb9FCNj804Gi-xjr0kErQAc0yBjaKkB2vMQxVU0.OYVj9CoR2z3DRI6-HbQK1GbhOCBy4nAbt2Imm5tW1NM%26dib_tag%3Dse%26keywords%3Dbeauty%2Bproducts%26qid%3D1759042517%26sr%3D8-3-spons%26sp_csd%3Dd2lkZ2V0TmFtZT1zcF9hdGY%26psc%3D1&aref=IlHOq2gCJK&sp_cr=ZAZ,https://m.media-amazon.com/images/I/51bECAsuUXL._AC_UL320_.jpg,,4.2,,2025-09-28 12:25:18,,
Unknown Product,,795.0,,,,,,,,amazon,,https://www.amazon.in/sspa/click?ie=UTF8&spc=MTo3MjcxMDg5MjMzMTM0NTk6MTc1OTA0MjUxNzpzcF9hdGY6MzAwNTc4OTY3Njk4NDMyOjowOjo&url=%2FLotus-Professional-Phyto-Renewal-Ageing%2Fdp%2FB01AJBW33Q%2Fref%3Dsr_1_4_sspa%3Fdib%3DeyJ2IjoiMSJ9.8G0xlh_BK5rU8I6IFK1YbbYRTcBqSyEUTdpQaRQdlhjMKi98DF5O1W6iGnyL8VvxdFsEkV00B-zg1AFSqhEg7pQfRTx5iqbrKqYFoUXQyeIazREWRJtEfnK2iE3oirCjtAYn7neAIOJ4MRJCyeACy1setcKf3BLDGwClPFgW9sg1kaCCWIN2hpsQOGBSDkqQpzV7lAnNOgIYhByVVeTaeaDc7hZ6gDf0oyFSxnLYbWLH7mJhMTUlZGpPDMytAFt1P8kTYb9FCNj804Gi-xjr0kErQAc0yBjaKkB2vMQxVU0.OYVj9CoR2z3DRI6-HbQK1GbhOCBy4nAbt2Imm5tW1NM%26dib_tag%3Dse%26keywords%3Dbeauty%2Bproducts%26qid%3D1759042517%26sr%3D8-4-spons%26sp_csd%3Dd2lkZ2V0TmFtZT1zcF9hdGY%26psc%3D1&aref=xWv13cTyFz&sp_cr=ZAZ,https://m.media-amazon.com/images/I/61ccx5hDhGL._AC_UL320_.jpg,,4.3,,2025-09-28 12:25:18,,
Unknown Product,,97.0,,,,,,,,amazon,,https://www.amazon.in/Cosmetics-Enriched-Multipurpose-Lightweight-B07-05/dp/B0CG6JKPDQ/ref=sr_1_5?dib=eyJ2IjoiMSJ9.8G0xlh_BK5rU8I6IFK1YbbYRTcBqSyEUTdpQaRQdlhjMKi98DF5O1W6iGnyL8VvxdFsEkV00B-zg1AFSqhEg7pQfRTx5iqbrKqYFoUXQyeIazREWRJtEfnK2iE3oirCjtAYn7neAIOJ4MRJCyeACy1setcKf3BLDGwClPFgW9sg1kaCCWIN2hpsQOGBSDkqQpzV7lAnNOgIYhByVVeTaeaDc7hZ6gDf0oyFSxnLYbWLH7mJhMTUlZGpPDMytAFt1P8kTYb9FCNj804Gi-xjr0kErQAc0yBjaKkB2vMQxVU0.OYVj9CoR2z3DRI6-HbQK1GbhOCBy4nAbt2Imm5tW1NM&dib_tag=se&keywords=beauty+products&qid=1759042517&sr=8-5,https://m.media-amazon.com/images/I/61mBXK2LsmL._AC_UL320_.jpg,,4.1,,2025-09-28 12:25:18,,
Unknown Product,,99.0,,,,,,,,amazon,,https://www.amazon.in/Lakme-CC-Cream-Mini-Moisturizer/dp/B01BBNF6C6/ref=sr_1_6?dib=eyJ2IjoiMSJ9.8G0xlh_BK5rU8I6IFK1YbbYRTcBqSyEUTdpQaRQdlhjMKi98DF5O1W6iGnyL8VvxdFsEkV00B-zg1AFSqhEg7pQfRTx5iqbrKqYFoUXQyeIazREWRJtEfnK2iE3oirCjtAYn7neAIOJ4MRJCyeACy1setcKf3BLDGwClPFgW9sg1kaCCWIN2hpsQOGBSDkqQpzV7lAnNOgIYhByVVeTaeaDc7hZ6gDf0oyFSxnLYbWLH7mJhMTUlZGpPDMytAFt1P8kTYb9FCNj804Gi-xjr0kErQAc0yBjaKkB2vMQxVU0.OYVj9CoR2z3DRI6-HbQK1GbhOCBy4nAbt2Imm5tW1NM&dib_tag=se&keywords=beauty+products&qid=1759042517&sr=8-6,https://m.media-amazon.com/images/I/51IgR2yRK2L._AC_UL320_.jpg,,4.1,,2025-09-28 12:25:18,,
Unknown Product,,136.0,,,,,,,,amazon,,https://www.amazon.in/Extracts-Avocado-Beautiful-Underarms-Alcohol/dp/B006LXDVTM/ref=sr_1_7?dib=eyJ2IjoiMSJ9.8G0xlh_BK5rU8I6IFK1YbbYRTcBqSyEUTdpQaRQdlhjMKi98DF5O1W6iGnyL8VvxdFsEkV00B-zg1AFSqhEg7pQfRTx5iqbrKqYFoUXQyeIazREWRJtEfnK2iE3oirCjtAYn7neAIOJ4MRJCyeACy1setcKf3BLDGwClPFgW9sg1kaCCWIN2hpsQOGBSDkqQpzV7lAnNOgIYhByVVeTaeaDc7hZ6gDf0oyFSxnLYbWLH7mJhMTUlZGpPDMytAFt1P8kTYb9FCNj804Gi-xjr0kErQAc0yBjaKkB2vMQxVU0.OYVj9CoR2z3DRI6-HbQK1GbhOCBy4nAbt2Imm5tW1NM&dib_tag=se&keywords=beauty+products&qid=1759042517&sr=8-7,https://m.media-amazon.com/images/I/41D6xYA74xL._AC_UL320_.jpg,,4.4,,2025-09-28 12:25:18,,
Unknown Product,,168.0,,,,,,,,amazon,,https://www.amazon.in/Maybelline-Poreless-Liquid-Foundation-Natural/dp/B07L419N74/ref=sr_1_8?dib=eyJ2IjoiMSJ9.8G0xlh_BK5rU8I6IFK1YbbYRTcBqSyEUTdpQaRQdlhjMKi98DF5O1W6iGnyL8VvxdFsEkV00B-zg1AFSqhEg7pQfRTx5iqbrKqYFoUXQyeIazREWRJtEfnK2iE3oirCjtAYn7neAIOJ4MRJCyeACy1setcKf3BLDGwClPFgW9sg1kaCCWIN2hpsQOGBSDkqQpzV7lAnNOgIYhByVVeTaeaDc7hZ6gDf0oyFSxnLYbWLH7mJhMTUlZGpPDMytAFt1P8kTYb9FCNj804Gi-xjr0kErQAc0yBjaKkB2vMQxVU0.OYVj9CoR2z3DRI6-HbQK1GbhOCBy4nAbt2Imm5tW1NM&dib_tag=se&keywords=beauty+products&qid=1759042517&sr=8-8,https://m.media-amazon.com/images/I/418-0bNNQgL._AC_UL320_.jpg,,4.1,,2025-09-28 12:25:18,,
Unknown Product,,126.0,,,,,,,,amazon,,https://www.amazon.in/Faces-Weightless-Compact-Vitamin-Natural/dp/B07XFF28KR/ref=sr_1_9?dib=eyJ2IjoiMSJ9.8G0xlh_BK5rU8I6IFK1YbbYRTcBqSyEUTdpQaRQdlhjMKi98DF5O1W6iGnyL8VvxdFsEkV00B-zg1AFSqhEg7pQfRTx5iqbrKqYFoUXQyeIazREWRJtEfnK2iE3oirCjtAYn7neAIOJ4MRJCyeACy1setcKf3BLDGwClPFgW9sg1kaCCWIN2hpsQOGBSDkqQpzV7lAnNOgIYhByVVeTaeaDc7hZ6gDf0oyFSxnLYbWLH7mJhMTUlZGpPDMytAFt1P8kTYb9FCNj804Gi-xjr0kErQAc0yBjaKkB2vMQxVU0.OYVj9CoR2z3DRI6-HbQK1GbhOCBy4nAbt2Imm5tW1NM&dib_tag=se&keywords=beauty+products&qid=1759042517&sr=8-9,https://m.media-amazon.com/images/I/61HK1LAqaoL._AC_UL320_.jpg,,4.2,,2025-09-28 12:25:18,,
Unknown Product,,120.0,,,,,,,,amazon,,https://www.amazon.in/Maybelline-York-12Hr-Control-Compact/dp/B08QSWPZS5/ref=sr_1_10?dib=eyJ2IjoiMSJ9.8G0xlh_BK5rU8I6IFK1YbbYRTcBqSyEUTdpQaRQdlhjMKi98DF5O1W6iGnyL8VvxdFsEkV00B-zg1AFSqhEg7pQfRTx5iqbrKqYFoUXQyeIazREWRJtEfnK2iE3oirCjtAYn7neAIOJ4MRJCyeACy1setcKf3BLDGwClPFgW9sg1kaCCWIN2hpsQOGBSDkqQpzV7lAnNOgIYhByVVeTaeaDc7hZ6gDf0oyFSxnLYbWLH7mJhMTUlZGpPDMytAFt1P8kTYb9FCNj804Gi-xjr0kErQAc0yBjaKkB2vMQxVU0.OYVj9CoR2z3DRI6-HbQK1GbhOCBy4nAbt2Imm5tW1NM&dib_tag=se&keywords=beauty+products&qid=1759042517&sr=8-10,https://m.media-amazon.com/images/I/61FDV10Re5L._AC_UL320_.jpg,,4.2,,2025-09-28 12:25:18,,
Unknown Product,,1048.0,,,,,,,,amazon,,https://www.amazon.in/Beauty-Joseon-Relief-Cream-50ml/dp/B09JVNZVH3/ref=sr_1_11?dib=eyJ2IjoiMSJ9.8G0xlh_BK5rU8I6IFK1YbbYRTcBqSyEUTdpQaRQdlhjMKi98DF5O1W6iGnyL8VvxdFsEkV00B-zg1AFSqhEg7pQfRTx5iqbrKqYFoUXQyeIazREWRJtEfnK2iE3oirCjtAYn7neAIOJ4MRJCyeACy1setcKf3BLDGwClPFgW9sg1kaCCWIN2hpsQOGBSDkqQpzV7lAnNOgIYhByVVeTaeaDc7hZ6gDf0oyFSxnLYbWLH7mJhMTUlZGpPDMytAFt1P8kTYb9FCNj804Gi-xjr0kErQAc0yBjaKkB2vMQxVU0.OYVj9CoR2z3DRI6-HbQK1GbhOCBy4nAbt2Imm5tW1NM&dib_tag=se&keywords=beauty+products&qid=1759042517&sr=8-11,https://m.media-amazon.com/images/I/61DA-VH24GL._AC_UL320_.jpg,,4.3,,2025-09-28 12:25:18,,
Unknown Product,,75.0,,,,,,,,amazon,,https://www.amazon.in/Ponds-Natural-Glow-Face-Powder/dp/B0B521CKF8/ref=sr_1_12?dib=eyJ2IjoiMSJ9.8G0xlh_BK5rU8I6IFK1YbbYRTcBqSyEUTdpQaRQdlhjMKi98DF5O1W6iGnyL8VvxdFsEkV00B-zg1AFSqhEg7pQfRTx5iqbrKqYFoUXQyeIazREWRJtEfnK2iE3oirCjtAYn7neAIOJ4MRJCyeACy1setcKf3BLDGwClPFgW9sg1kaCCWIN2hpsQOGBSDkqQpzV7lAnNOgIYhByVVeTaeaDc7hZ6gDf0oyFSxnLYbWLH7mJhMTUlZGpPDMytAFt1P8kTYb9FCNj804Gi-xjr0kErQAc0yBjaKkB2vMQxVU0.OYVj9CoR2z3DRI6-HbQK1GbhOCBy4nAbt2Imm5tW1NM&dib_tag=se&keywords=beauty+products&qid=1759042517&sr=8-12,https://m.media-amazon.com/images/I/51pNLVL+DKL._AC_UL320_.jpg,,4.1,,2025-09-28 12:25:18,,
Unknown Product,,62.0,,,,,,,,amazon,,https://www.amazon.in/Beauty-Long-lasting-Finish-Non-drying-Shade-Perfect/dp/B098NTWM4S/ref=sr_1_13?dib=eyJ2IjoiMSJ9.8G0xlh_BK5rU8I6IFK1YbbYRTcBqSyEUTdpQaRQdlhjMKi98DF5O1W6iGnyL8VvxdFsEkV00B-zg1AFSqhEg7pQfRTx5iqbrKqYFoUXQyeIazREWRJtEfnK2iE3oirCjtAYn7neAIOJ4MRJCyeACy1setcKf3BLDGwClPFgW9sg1kaCCWIN2hpsQOGBSDkqQpzV7lAnNOgIYhByVVeTaeaDc7hZ6gDf0oyFSxnLYbWLH7mJhMTUlZGpPDMytAFt1P8kTYb9FCNj804Gi-xjr0kErQAc0yBjaKkB2vMQxVU0.OYVj9CoR2z3DRI6-HbQK1GbhOCBy4nAbt2Imm5tW1NM&dib_tag=se&keywords=beauty+products&qid=1759042517&sr=8-13,https://m.media-amazon.com/images/I/51YDxDggnVL._AC_UL320_.jpg,,4.2,,2025-09-28 12:25:18,,
Unknown Product,,138.0,,,,,,,,amazon,,https://www.amazon.in/Maybelline-York-Colossal-Eyeliner-Black/dp/B07S141T2R/ref=sr_1_14?dib=eyJ2IjoiMSJ9.8G0xlh_BK5rU8I6IFK1YbbYRTcBqSyEUTdpQaRQdlhjMKi98DF5O1W6iGnyL8VvxdFsEkV00B-zg1AFSqhEg7pQfRTx5iqbrKqYFoUXQyeIazREWRJtEfnK2iE3oirCjtAYn7neAIOJ4MRJCyeACy1setcKf3BLDGwClPFgW9sg1kaCCWIN2hpsQOGBSDkqQpzV7lAnNOgIYhByVVeTaeaDc7hZ6gDf0oyFSxnLYbWLH7mJhMTUlZGpPDMytAFt1P8kTYb9FCNj804Gi-xjr0kErQAc0yBjaKkB2vMQxVU0.OYVj9CoR2z3DRI6-HbQK1GbhOCBy4nAbt2Imm5tW1NM&dib_tag=se&keywords=beauty+products&qid=1759042517&sr=8-14,https://m.media-amazon.com/images/I/413yzxupVTL._AC_UL320_.jpg,,4.3,,2025-09-28 12:25:18,,
Unknown Product,,85.0,,,,,,,,amazon,,https://www.amazon.in/Blue-Heaven-Twist-Mascara-Black/dp/B097TQY79D/ref=sr_1_15?dib=eyJ2IjoiMSJ9.8G0xlh_BK5rU8I6IFK1YbbYRTcBqSyEUTdpQaRQdlhjMKi98DF5O1W6iGnyL8VvxdFsEkV00B-zg1AFSqhEg7pQfRTx5iqbrKqYFoUXQyeIazREWRJtEfnK2iE3oirCjtAYn7neAIOJ4MRJCyeACy1setcKf3BLDGwClPFgW9sg1kaCCWIN2hpsQOGBSDkqQpzV7lAnNOgIYhByVVeTaeaDc7hZ6gDf0oyFSxnLYbWLH7mJhMTUlZGpPDMytAFt1P8kTYb9FCNj804Gi-xjr0kErQAc0yBjaKkB2vMQxVU0.OYVj9CoR2z3DRI6-HbQK1GbhOCBy4nAbt2Imm5tW1NM&dib_tag=se&keywords=beauty+products&qid=1759042517&sr=8-15,https://m.media-amazon.com/images/I/51w-cGDjSvL._AC_UL320_.jpg,,4.0,,2025-09-28 12:25:18,,
Unknown Product,,109.0,,,,,,,,amazon,,https://www.amazon.in/Maybelline-Colossal-Kajal-Black-0-35g/dp/B06WGZP21B/ref=sr_1_16?dib=eyJ2IjoiMSJ9.8G0xlh_BK5rU8I6IFK1YbbYRTcBqSyEUTdpQaRQdlhjMKi98DF5O1W6iGnyL8VvxdFsEkV00B-zg1AFSqhEg7pQfRTx5iqbrKqYFoUXQyeIazREWRJtEfnK2iE3oirCjtAYn7neAIOJ4MRJCyeACy1setcKf3BLDGwClPFgW9sg1kaCCWIN2hpsQOGBSDkqQpzV7lAnNOgIYhByVVeTaeaDc7hZ6gDf0oyFSxnLYbWLH7mJhMTUlZGpPDMytAFt1P8kTYb9FCNj804Gi-xjr0kErQAc0yBjaKkB2vMQxVU0.OYVj9CoR2z3DRI6-HbQK1GbhOCBy4nAbt2Imm5tW1NM&dib_tag=se&keywords=beauty+products&qid=1759042517&sr=8-16,https://m.media-amazon.com/images/I/61b2tDBxhlL._AC_UL320_.jpg,,4.2,,2025-09-28 12:25:18,,
Unknown Product,,153.0,,,,,,,,amazon,,https://www.amazon.in/PONDS-Spot-less-Fairness-Removal-Facewash/dp/B08NYD1GGK/ref=sr_1_17?dib=eyJ2IjoiMSJ9.8G0xlh_BK5rU8I6IFK1YbbYRTcBqSyEUTdpQaRQdlhjMKi98DF5O1W6iGnyL8VvxdFsEkV00B-zg1AFSqhEg7pQfRTx5iqbrKqYFoUXQyeIazREWRJtEfnK2iE3oirCjtAYn7neAIOJ4MRJCyeACy1setcKf3BLDGwClPFgW9sg1kaCCWIN2hpsQOGBSDkqQpzV7lAnNOgIYhByVVeTaeaDc7hZ6gDf0oyFSxnLYbWLH7mJhMTUlZGpPDMytAFt1P8kTYb9FCNj804Gi-xjr0kErQAc0yBjaKkB2vMQxVU0.OYVj9CoR2z3DRI6-HbQK1GbhOCBy4nAbt2Imm5tW1NM&dib_tag=se&keywords=beauty+products&qid=1759042517&sr=8-17,https://m.media-amazon.com/images/I/512dChFNuXL._AC_UL320_.jpg,,4.3,,2025-09-28 12:25:18,,
Unknown Product,,101.0,,,,,,,,amazon,,https://www.amazon.in/Swiss-Beauty-Moisturising-Non-Sticky-Smooth/dp/B0BSQYM2JV/ref=sr_1_18?dib=eyJ2IjoiMSJ9.8G0xlh_BK5rU8I6IFK1YbbYRTcBqSyEUTdpQaRQdlhjMKi98DF5O1W6iGnyL8VvxdFsEkV00B-zg1AFSqhEg7pQfRTx5iqbrKqYFoUXQyeIazREWRJtEfnK2iE3oirCjtAYn7neAIOJ4MRJCyeACy1setcKf3BLDGwClPFgW9sg1kaCCWIN2hpsQOGBSDkqQpzV7lAnNOgIYhByVVeTaeaDc7hZ6gDf0oyFSxnLYbWLH7mJhMTUlZGpPDMytAFt1P8kTYb9FCNj804Gi-xjr0kErQAc0yBjaKkB2vMQxVU0.OYVj9CoR2z3DRI6-HbQK1GbhOCBy4nAbt2Imm5tW1NM&dib_tag=se&keywords=beauty+products&qid=1759042517&sr=8-18,https://m.media-amazon.com/images/I/51iog6KACEL._AC_UL320_.jpg,,4.2,,2025-09-28 12:25:18,,
Unknown Product,,415.0,,,,,,,,amazon,,https://www.amazon.in/FACES-CANADA-Strobe-Cream-Illumination/dp/B0BR585QS2/ref=sr_1_19?dib=eyJ2IjoiMSJ9.8G0xlh_BK5rU8I6IFK1YbbYRTcBqSyEUTdpQaRQdlhjMKi98DF5O1W6iGnyL8VvxdFsEkV00B-zg1AFSqhEg7pQfRTx5iqbrKqYFoUXQyeIazREWRJtEfnK2iE3oirCjtAYn7neAIOJ4MRJCyeACy1setcKf3BLDGwClPFgW9sg1kaCCWIN2hpsQOGBSDkqQpzV7lAnNOgIYhByVVeTaeaDc7hZ6gDf0oyFSxnLYbWLH7mJhMTUlZGpPDMytAFt1P8kTYb9FCNj804Gi-xjr0kErQAc0yBjaKkB2vMQxVU0.OYVj9CoR2z3DRI6-HbQK1GbhOCBy4nAbt2Imm5tW1NM&dib_tag=se&keywords=beauty+products&qid=1759042517&sr=8-19,https://m.media-amazon.com/images/I/515W5cQZxDL._AC_UL320_.jpg,,4.0,,2025-09-28 12:25:18,,
Unknown Product,,192.0,,,,,,,,amazon,,https://www.amazon.in/Insight-Cosmetics-Pro-Concealer-Palette/dp/B08C7M197F/ref=sr_1_20?dib=eyJ2IjoiMSJ9.8G0xlh_BK5rU8I6IFK1YbbYRTcBqSyEUTdpQaRQdlhjMKi98DF5O1W6iGnyL8VvxdFsEkV00B-zg1AFSqhEg7pQfRTx5iqbrKqYFoUXQyeIazREWRJtEfnK2iE3oirCjtAYn7neAIOJ4MRJCyeACy1setcKf3BLDGwClPFgW9sg1kaCCWIN2hpsQOGBSDkqQpzV7lAnNOgIYhByVVeTaeaDc7hZ6gDf0oyFSxnLYbWLH7mJhMTUlZGpPDMytAFt1P8kTYb9FCNj804Gi-xjr0kErQAc0yBjaKkB2vMQxVU0.OYVj9CoR2z3DRI6-HbQK1GbhOCBy4nAbt2Imm5tW1NM&dib_tag=se&keywords=beauty+products&qid=1759042517&sr=8-20,https://m.media-amazon.com/images/I/61ovOjD8mRL._AC_UL320_.jpg,,4.2,,2025-09-28 12:25:18,,
Unknown Product,,159.0,,,,,,,,amazon,,https://www.amazon.in/Pidilite-Purpose-Cleaner-Advance-Bathroom/dp/B01LZSWXWI/ref=sr_1_1?dib=eyJ2IjoiMSJ9.1Q24Vb40r8Qs8rDpBKzFozC8GbiBE6wzOYFTfk7-MSlBrXMNZe1drR2H3PR-dIElXDurz5NTL3cmBoZE5O3LwlQn3wWy2g_aSuU4sMPRuXuXph6H8Fj9P86svxCO0dzOG6VlY2qcLcPd2LR1mnVrRFW33Tf7LgZK82ebRMDnPmGt6Yj_mYH0tiYii0YGaCUUdfPc2S4oOFwXQo0MD2qRicGlbs1-6UzXLLYhMBpjPvK23po5VuFxgbGpODgOt1s6IkW7NNI_a5iJ1pPZyYUgNcU296gaatPt7xHqdtrZAMU.NvBjwQFh9YKA7oT24uczqUYVcYfEJp9e88UC6sijZqc&dib_tag=se&keywords=household+items&qid=1759042528&sr=8-1,https://m.media-amazon.com/images/I/51m+-Z0kk3L._AC_UL320_.jpg,,4.0,,2025-09-28 12:25:29,,
Unknown Product,,159.0,,,,,,,,amazon,,https://www.amazon.in/Odonil-Blocks-50gm-Mix/dp/B00KIMHR0Q/ref=sr_1_2?dib=eyJ2IjoiMSJ9.1Q24Vb40r8Qs8rDpBKzFozC8GbiBE6wzOYFTfk7-MSlBrXMNZe1drR2H3PR-dIElXDurz5NTL3cmBoZE5O3LwlQn3wWy2g_aSuU4sMPRuXuXph6H8Fj9P86svxCO0dzOG6VlY2qcLcPd2LR1mnVrRFW33Tf7LgZK82ebRMDnPmGt6Yj_mYH0tiYii0YGaCUUdfPc2S4oOFwXQo0MD2qRicGlbs1-6UzXLLYhMBpjPvK23po5VuFxgbGpODgOt1s6IkW7NNI_a5iJ1pPZyYUgNcU296gaatPt7xHqdtrZAMU.NvBjwQFh9YKA7oT24uczqUYVcYfEJp9e88UC6sijZqc&dib_tag=se&keywords=household+items&qid=1759042528&sr=8-2,https://m.media-amazon.com/images/I/71DySGgS2pL._AC_UL320_.jpg,,4.2,,2025-09-28 12:25:29,,
Unknown Product,,69.0,,,,,,,,amazon,,https://www.amazon.in/Spark-Lighter-Kitchen-Restaurants-Regular/dp/B0CNW8YPK4/ref=sr_1_3?dib=eyJ2IjoiMSJ9.1Q24Vb40r8Qs8rDpBKzFozC8GbiBE6wzOYFTfk7-MSlBrXMNZe1drR2H3PR-dIElXDurz5NTL3cmBoZE5O3LwlQn3wWy2g_aSuU4sMPRuXuXph6H8Fj9P86svxCO0dzOG6VlY2qcLcPd2LR1mnVrRFW33Tf7LgZK82ebRMDnPmGt6Yj_mYH0tiYii0YGaCUUdfPc2S4oOFwXQo0MD2qRicGlbs1-6UzXLLYhMBpjPvK23po5VuFxgbGpODgOt1s6IkW7NNI_a5iJ1pPZyYUgNcU296gaatPt7xHqdtrZAMU.NvBjwQFh9YKA7oT24uczqUYVcYfEJp9e88UC6sijZqc&dib_tag=se&keywords=household+items&qid=1759042528&sr=8-3,https://m.media-amazon.com/images/I/61A2OYtJ3OL._AC_UL320_.jpg,,4.1,,2025-09-28 12:25:29,,
Unknown Product,,149.0,,,,,,,,amazon,,https://www.amazon.in/Pigeon-Stovekraft-Plastic-Chopper-Blades/dp/B01LWYDEQ7/ref=sr_1_4?dib=eyJ2IjoiMSJ9.1Q24Vb40r8Qs8rDpBKzFozC8GbiBE6wzOYFTfk7-MSlBrXMNZe1drR2H3PR-dIElXDurz5NTL3cmBoZE5O3LwlQn3wWy2g_aSuU4sMPRuXuXph6H8Fj9P86svxCO0dzOG6VlY2qcLcPd2LR1mnVrRFW33Tf7LgZK82ebRMDnPmGt6Yj_mYH0tiYii0YGaCUUdfPc2S4oOFwXQo0MD2qRicGlbs1-6UzXLLYhMBpjPvK23po5VuFxgbGpODgOt1s6IkW7NNI_a5iJ1pPZyYUgNcU296gaatPt7xHqdtrZAMU.NvBjwQFh9YKA7oT24uczqUYVcYfEJp9e88UC6sijZqc&dib_tag=se&keywords=household+items&qid=1759042528&sr=8-4,https://m.media-amazon.com/images/I/51RXzjrUmkL._AC_UL320_.jpg,,3.9,,2025-09-28 12:25:29,,
Unknown Product,,159.0,,,,,,,,amazon,,https://www.amazon.in/Gala-Sponge-Wipe-Multicolor-Pieces/dp/B00M6P68NU/ref=sr_1_5?dib=eyJ2IjoiMSJ9.1Q24Vb40r8Qs8rDpBKzFozC8GbiBE6wzOYFTfk7-MSlBrXMNZe1drR2H3PR-dIElXDurz5NTL3cmBoZE5O3LwlQn3wWy2g_aSuU4sMPRuXuXph6H8Fj9P86svxCO0dzOG6VlY2qcLcPd2LR1mnVrRFW33Tf7LgZK82ebRMDnPmGt6Yj_mYH0tiYii0YGaCUUdfPc2S4oOFwXQo0MD2qRicGlbs1-6UzXLLYhMBpjPvK23po5VuFxgbGpODgOt1s6IkW7NNI_a5iJ1pPZyYUgNcU296gaatPt7xHqdtrZAMU.NvBjwQFh9YKA7oT24uczqUYVcYfEJp9e88UC6sijZqc&dib_tag=se&keywords=household+items&qid=1759042528&sr=8-5,https://m.media-amazon.com/images/I/81ZaEOi43nL._AC_UL320_.jpg,,4.2,,2025-09-28 12:25:29,,
Unknown Product,,329.0,,,,,,,,amazon,,https://www.amazon.in/Portable-Sealing-Machine-Handheld-Warranty/dp/B0CZ23FJJT/ref=sr_1_6?dib=eyJ2IjoiMSJ9.1Q24Vb40r8Qs8rDpBKzFozC8GbiBE6wzOYFTfk7-MSlBrXMNZe1drR2H3PR-dIElXDurz5NTL3cmBoZE5O3LwlQn3wWy2g_aSuU4sMPRuXuXph6H8Fj9P86svxCO0dzOG6VlY2qcLcPd2LR1mnVrRFW33Tf7LgZK82ebRMDnPmGt6Yj_mYH0tiYii0YGaCUUdfPc2S4oOFwXQo0MD2qRicGlbs1-6UzXLLYhMBpjPvK23po5VuFxgbGpODgOt1s6IkW7NNI_a5iJ1pPZyYUgNcU296gaatPt7xHqdtrZAMU.NvBjwQFh9YKA7oT24uczqUYVcYfEJp9e88UC6sijZqc&dib_tag=se&keywords=household+items&qid=1759042528&sr=8-6,https://m.media-amazon.com/images/I/61Ug9kTwzoL._AC_UL320_.jpg,,3.8,,2025-09-28 12:25:29,,
Unknown Product,,155.0,,,,,,,,amazon,,https://www.amazon.in/Ezee-Garbage-Bag-inches-Pieces/dp/B06VX8YR6Q/ref=sr_1_7?dib=eyJ2IjoiMSJ9.1Q24Vb40r8Qs8rDpBKzFozC8GbiBE6wzOYFTfk7-MSlBrXMNZe1drR2H3PR-dIElXDurz5NTL3cmBoZE5O3LwlQn3wWy2g_aSuU4sMPRuXuXph6H8Fj9P86svxCO0dzOG6VlY2qcLcPd2LR1mnVrRFW33Tf7LgZK82ebRMDnPmGt6Yj_mYH0tiYii0YGaCUUdfPc2S4oOFwXQo0MD2qRicGlbs1-6UzXLLYhMBpjPvK23po5VuFxgbGpODgOt1s6IkW7NNI_a5iJ1pPZyYUgNcU296gaatPt7xHqdtrZAMU.NvBjwQFh9YKA7oT24uczqUYVcYfEJp9e88UC6sijZqc&dib_tag=se&keywords=household+items&qid=1759042528&sr=8-7,https://m.media-amazon.com/images/I/71erHCKJ3WL._AC_UL320_.jpg,,4.2,,2025-09-28 12:25:29,,
Unknown Product,,199.0,,,,,,,,amazon,,https://www.amazon.in/Clazkit-Stainless-Chopping-Vegetable-Cutter/dp/B0CG6G6HCB/ref=sr_1_8?dib=eyJ2IjoiMSJ9.1Q24Vb40r8Qs8rDpBKzFozC8GbiBE6wzOYFTfk7-MSlBrXMNZe1drR2H3PR-dIElXDurz5NTL3cmBoZE5O3LwlQn3wWy2g_aSuU4sMPRuXuXph6H8Fj9P86svxCO0dzOG6VlY2qcLcPd2LR1mnVrRFW33Tf7LgZK82ebRMDnPmGt6Yj_mYH0tiYii0YGaCUUdfPc2S4oOFwXQo0MD2qRicGlbs1-6UzXLLYhMBpjPvK23po5VuFxgbGpODgOt1s6IkW7NNI_a5iJ1pPZyYUgNcU296gaatPt7xHqdtrZAMU.NvBjwQFh9YKA7oT24uczqUYVcYfEJp9e88UC6sijZqc&dib_tag=se&keywords=household+items&qid=1759042528&sr=8-8,https://m.media-amazon.com/images/I/71jPImp3dHL._AC_UL320_.jpg,,4.2,,2025-09-28 12:25:29,,
Unknown Product,,99.0,,,,,,,,amazon,,https://www.amazon.in/Clazkit-Plastic-Sections-Multipurpose-Rangoli/dp/B0BX6XJD43/ref=sr_1_9?dib=eyJ2IjoiMSJ9.1Q24Vb40r8Qs8rDpBKzFozC8GbiBE6wzOYFTfk7-MSlBrXMNZe1drR2H3PR-dIElXDurz5NTL3cmBoZE5O3LwlQn3wWy2g_aSuU4sMPRuXuXph6H8Fj9P86svxCO0dzOG6VlY2qcLcPd2LR1mnVrRFW33Tf7LgZK82ebRMDnPmGt6Yj_mYH0tiYii0YGaCUUdfPc2S4oOFwXQo0MD2qRicGlbs1-6UzXLLYhMBpjPvK23po5VuFxgbGpODgOt1s6IkW7NNI_a5iJ1pPZyYUgNcU296gaatPt7xHqdtrZAMU.NvBjwQFh9YKA7oT24uczqUYVcYfEJp9e88UC6sijZqc&dib_tag=se&keywords=household+items&qid=1759042528&sr=8-9,https://m.media-amazon.com/images/I/714EG9fgvjL._AC_UL320_.jpg,,4.0,,2025-09-28 12:25:29,,
Unknown Product,,157.0,,,,,,,,amazon,,https://www.amazon.in/RILION-multipurpose-Space-saving-Refrigerator-Containers/dp/B0DC5MJQYZ/ref=sr_1_10?dib=eyJ2IjoiMSJ9.1Q24Vb40r8Qs8rDpBKzFozC8GbiBE6wzOYFTfk7-MSlBrXMNZe1drR2H3PR-dIElXDurz5NTL3cmBoZE5O3LwlQn3wWy2g_aSuU4sMPRuXuXph6H8Fj9P86svxCO0dzOG6VlY2qcLcPd2LR1mnVrRFW33Tf7LgZK82ebRMDnPmGt6Yj_mYH0tiYii0YGaCUUdfPc2S4oOFwXQo0MD2qRicGlbs1-6UzXLLYhMBpjPvK23po5VuFxgbGpODgOt1s6IkW7NNI_a5iJ1pPZyYUgNcU296gaatPt7xHqdtrZAMU.NvBjwQFh9YKA7oT24uczqUYVcYfEJp9e88UC6sijZqc&dib_tag=se&keywords=household+items&qid=1759042528&sr=8-10,https://m.media-amazon.com/images/I/71KVlyVtG3L._AC_UL320_.jpg,,4.3,,2025-09-28 12:25:29,,
Unknown Product,,198.0,,,,,,,,amazon,,https://www.amazon.in/Electronic-Portable-Digital-Luggage-Weighing/dp/B07PK41FL4/ref=sr_1_11?dib=eyJ2IjoiMSJ9.1Q24Vb40r8Qs8rDpBKzFozC8GbiBE6wzOYFTfk7-MSlBrXMNZe1drR2H3PR-dIElXDurz5NTL3cmBoZE5O3LwlQn3wWy2g_aSuU4sMPRuXuXph6H8Fj9P86svxCO0dzOG6VlY2qcLcPd2LR1mnVrRFW33Tf7LgZK82ebRMDnPmGt6Yj_mYH0tiYii0YGaCUUdfPc2S4oOFwXQo0MD2qRicGlbs1-6UzXLLYhMBpjPvK23po5VuFxgbGpODgOt1s6IkW7NNI_a5iJ1pPZyYUgNcU296gaatPt7xHqdtrZAMU.NvBjwQFh9YKA7oT24uczqUYVcYfEJp9e88UC6sijZqc&dib_tag=se&keywords=household+items&qid=1759042528&sr=8-11,https://m.media-amazon.com/images/I/61Z35SZs7lL._AC_UL320_.jpg,,4.1,,2025-09-28 12:25:29,,
Unknown Product,,79.0,,,,,,,,amazon,,https://www.amazon.in/Tosaa-18-Pcs-Different-Multicolor/dp/B0BS68MMNN/ref=sr_1_12?dib=eyJ2IjoiMSJ9.1Q24Vb40r8Qs8rDpBKzFozC8GbiBE6wzOYFTfk7-MSlBrXMNZe1drR2H3PR-dIElXDurz5NTL3cmBoZE5O3LwlQn3wWy2g_aSuU4sMPRuXuXph6H8Fj9P86svxCO0dzOG6VlY2qcLcPd2LR1mnVrRFW33Tf7LgZK82ebRMDnPmGt6Yj_mYH0tiYii0YGaCUUdfPc2S4oOFwXQo0MD2qRicGlbs1-6UzXLLYhMBpjPvK23po5VuFxgbGpODgOt1s6IkW7NNI_a5iJ1pPZyYUgNcU296gaatPt7xHqdtrZAMU.NvBjwQFh9YKA7oT24uczqUYVcYfEJp9e88UC6sijZqc&dib_tag=se&keywords=household+items&qid=1759042528&sr=8-12,https://m.media-amazon.com/images/I/41IrWG1SPFL._AC_UL320_.jpg,,4.1,,2025-09-28 12:25:29,,
Unknown Product,,249.0,,,,,,,,amazon,,https://www.amazon.in/Origami-So-Soft-Non-Woven-Kitchen/dp/B00W1SO1A4/ref=sr_1_13?dib=eyJ2IjoiMSJ9.1Q24Vb40r8Qs8rDpBKzFozC8GbiBE6wzOYFTfk7-MSlBrXMNZe1drR2H3PR-dIElXDurz5NTL3cmBoZE5O3LwlQn3wWy2g_aSuU4sMPRuXuXph6H8Fj9P86svxCO0dzOG6VlY2qcLcPd2LR1mnVrRFW33Tf7LgZK82ebRMDnPmGt6Yj_mYH0tiYii0YGaCUUdfPc2S4oOFwXQo0MD2qRicGlbs1-6UzXLLYhMBpjPvK23po5VuFxgbGpODgOt1s6IkW7NNI_a5iJ1pPZyYUgNcU296gaatPt7xHqdtrZAMU.NvBjwQFh9YKA7oT24uczqUYVcYfEJp9e88UC6sijZqc&dib_tag=se&keywords=household+items&qid=1759042528&sr=8-13,https://m.media-amazon.com/images/I/71GaUCJt35L._AC_UL320_.jpg,,4.4,,2025-09-28 12:25:29,,
Unknown Product,,291.0,,,,,,,,amazon,,https://www.amazon.in/Nubilous-Extender-Sink-Extension-Convenient/dp/B0DH2LZ25Y/ref=sr_1_14?dib=eyJ2IjoiMSJ9.1Q24Vb40r8Qs8rDpBKzFozC8GbiBE6wzOYFTfk7-MSlBrXMNZe1drR2H3PR-dIElXDurz5NTL3cmBoZE5O3LwlQn3wWy2g_aSuU4sMPRuXuXph6H8Fj9P86svxCO0dzOG6VlY2qcLcPd2LR1mnVrRFW33Tf7LgZK82ebRMDnPmGt6Yj_mYH0tiYii0YGaCUUdfPc2S4oOFwXQo0MD2qRicGlbs1-6UzXLLYhMBpjPvK23po5VuFxgbGpODgOt1s6IkW7NNI_a5iJ1pPZyYUgNcU296gaatPt7xHqdtrZAMU.NvBjwQFh9YKA7oT24uczqUYVcYfEJp9e88UC6sijZqc&dib_tag=se&keywords=household+items&qid=1759042528&sr=8-14,https://m.media-amazon.com/images/I/61TI-jl3UiL._AC_UL320_.jpg,,3.9,,2025-09-28 12:25:29,,
Unknown Product,,399.0,,,,,,,,amazon,,https://www.amazon.in/VOLTURI-Push-Vegetable-Accessories-Vegetables/dp/B0FDBCLK2Z/ref=sr_1_15?dib=eyJ2IjoiMSJ9.1Q24Vb40r8Qs8rDpBKzFozC8GbiBE6wzOYFTfk7-MSlBrXMNZe1drR2H3PR-dIElXDurz5NTL3cmBoZE5O3LwlQn3wWy2g_aSuU4sMPRuXuXph6H8Fj9P86svxCO0dzOG6VlY2qcLcPd2LR1mnVrRFW33Tf7LgZK82ebRMDnPmGt6Yj_mYH0tiYii0YGaCUUdfPc2S4oOFwXQo0MD2qRicGlbs1-6UzXLLYhMBpjPvK23po5VuFxgbGpODgOt1s6IkW7NNI_a5iJ1pPZyYUgNcU296gaatPt7xHqdtrZAMU.NvBjwQFh9YKA7oT24uczqUYVcYfEJp9e88UC6sijZqc&dib_tag=se&keywords=household+items&qid=1759042528&sr=8-15,https://m.media-amazon.com/images/I/71EblU8f6hL._AC_UL320_.jpg,,4.6,,2025-09-28 12:25:29,,
Unknown Product,,165.0,,,,,,,,amazon,,https://www.amazon.in/HIT-Ant1RoachGel-Anti-Roach-Gel/dp/B00YUNKKP8/ref=sr_1_16?dib=eyJ2IjoiMSJ9.1Q24Vb40r8Qs8rDpBKzFozC8GbiBE6wzOYFTfk7-MSlBrXMNZe1drR2H3PR-dIElXDurz5NTL3cmBoZE5O3LwlQn3wWy2g_aSuU4sMPRuXuXph6H8Fj9P86svxCO0dzOG6VlY2qcLcPd2LR1mnVrRFW33Tf7LgZK82ebRMDnPmGt6Yj_mYH0tiYii0YGaCUUdfPc2S4oOFwXQo0MD2qRicGlbs1-6UzXLLYhMBpjPvK23po5VuFxgbGpODgOt1s6IkW7NNI_a5iJ1pPZyYUgNcU296gaatPt7xHqdtrZAMU.NvBjwQFh9YKA7oT24uczqUYVcYfEJp9e88UC6sijZqc&dib_tag=se&keywords=household+items&qid=1759042528&sr=8-16,https://m.media-amazon.com/images/I/71hhQA1kthL._AC_UL320_.jpg,,4.0,,2025-09-28 12:25:29,,
Unknown Product,,175.0,,,,,,,,amazon,,https://www.amazon.in/Eveready-DL102-Rechargeable-Decibels-Personal/dp/B0D89WZ6N3/ref=sr_1_17?dib=eyJ2IjoiMSJ9.1Q24Vb40r8Qs8rDpBKzFozC8GbiBE6wzOYFTfk7-MSlBrXMNZe1drR2H3PR-dIElXDurz5NTL3cmBoZE5O3LwlQn3wWy2g_aSuU4sMPRuXuXph6H8Fj9P86svxCO0dzOG6VlY2qcLcPd2LR1mnVrRFW33Tf7LgZK82ebRMDnPmGt6Yj_mYH0tiYii0YGaCUUdfPc2S4oOFwXQo0MD2qRicGlbs1-6UzXLLYhMBpjPvK23po5VuFxgbGpODgOt1s6IkW7NNI_a5iJ1pPZyYUgNcU296gaatPt7xHqdtrZAMU.NvBjwQFh9YKA7oT24uczqUYVcYfEJp9e88UC6sijZqc&dib_tag=se&keywords=household+items&qid=1759042528&sr=8-17,https://m.media-amazon.com/images/I/616PerAcCSL._AC_UL320_.jpg,,4.2,,2025-09-28 12:25:29,,
Unknown Product,,240.0,,,,,,,,amazon,,https://www.amazon.in/Godrej-aer-Bathroom-Fragrance-Assorted/dp/B078CRB5WY/ref=sr_1_18?dib=eyJ2IjoiMSJ9.1Q24Vb40r8Qs8rDpBKzFozC8GbiBE6wzOYFTfk7-MSlBrXMNZe1drR2H3PR-dIElXDurz5NTL3cmBoZE5O3LwlQn3wWy2g_aSuU4sMPRuXuXph6H8Fj9P86svxCO0dzOG6VlY2qcLcPd2LR1mnVrRFW33Tf7LgZK82ebRMDnPmGt6Yj_mYH0tiYii0YGaCUUdfPc2S4oOFwXQo0MD2qRicGlbs1-6UzXLLYhMBpjPvK23po5VuFxgbGpODgOt1s6IkW7NNI_a5iJ1pPZyYUgNcU296gaatPt7xHqdtrZAMU.NvBjwQFh9YKA7oT24uczqUYVcYfEJp9e88UC6sijZqc&dib_tag=se&keywords=household+items&qid=1759042528&sr=8-18,https://m.media-amazon.com/images/I/71xF9JoiB7L._AC_UL320_.jpg,,4.2,,2025-09-28 12:25:29,,
Unknown Product,,199.0,,,,,,,,amazon,,https://www.amazon.in/Webelkart-Designer-Shelf-Brown-Shelves-Keyholder/dp/B084G1QSMP/ref=sr_1_19?dib=eyJ2IjoiMSJ9.1Q24Vb40r8Qs8rDpBKzFozC8GbiBE6wzOYFTfk7-MSlBrXMNZe1drR2H3PR-dIElXDurz5NTL3cmBoZE5O3LwlQn3wWy2g_aSuU4sMPRuXuXph6H8Fj9P86svxCO0dzOG6VlY2qcLcPd2LR1mnVrRFW33Tf7LgZK82ebRMDnPmGt6Yj_mYH0tiYii0YGaCUUdfPc2S4oOFwXQo0MD2qRicGlbs1-6UzXLLYhMBpjPvK23po5VuFxgbGpODgOt1s6IkW7NNI_a5iJ1pPZyYUgNcU296gaatPt7xHqdtrZAMU.NvBjwQFh9YKA7oT24uczqUYVcYfEJp9e88UC6sijZqc&dib_tag=se&keywords=household+items&qid=1759042528&sr=8-19,https://m.media-amazon.com/images/I/710lt9GF1UL._AC_UL320_.jpg,,4.0,,2025-09-28 12:25:29,,
Unknown Product,,164.0,,,,,,,,amazon,,https://www.amazon.in/Chillyfit-Adhesive-hangings-Kitchen-Accessories/dp/B09HHQ1S5K/ref=sr_1_20?dib=eyJ2IjoiMSJ9.1Q24Vb40r8Qs8rDpBKzFozC8GbiBE6wzOYFTfk7-MSlBrXMNZe1drR2H3PR-dIElXDurz5NTL3cmBoZE5O3LwlQn3wWy2g_aSuU4sMPRuXuXph6H8Fj9P86svxCO0dzOG6VlY2qcLcPd2LR1mnVrRFW33Tf7LgZK82ebRMDnPmGt6Yj_mYH0tiYii0YGaCUUdfPc2S4oOFwXQo0MD2qRicGlbs1-6UzXLLYhMBpjPvK23po5VuFxgbGpODgOt1s6IkW7NNI_a5iJ1pPZyYUgNcU296gaatPt7xHqdtrZAMU.NvBjwQFh9YKA7oT24uczqUYVcYfEJp9e88UC6sijZqc&dib_tag=se&keywords=household+items&qid=1759042528&sr=8-20,https://m.media-amazon.com/images/I/61V5fHBTQ6L._AC_UL320_.jpg,,4.0,,2025-09-28 12:25:29,,
